company_name,metro,vertical,city,phone,email,contact_name,map_rank,query,reviews,local_median_reviews,fixes_found,audit_pdf,source_url,offer,status
Reddy Electric,KC,Electrical,Olathe,(913) 764-0840,info@reddyelectrickc.com,Ed Davey,12,electrician Olathe KS,19,217.5,8,audit-reddy-electric.pdf,https://www.google.com/maps/place/?q=place_id:ChIJA3HWbSy8wIcRvnXfeqD3Cdw,"$197 DFY profile fix (stub), credited to Care",PROSPECT - not contacted
"BALBOA Restoration & Renovation, LLC",KC,GC,Olathe,(913) 215-3738,service@balboakc.com,,36,roofing contractor Olathe KS,49,149.0,5,audit-balboa-restoration-renovation-llc.pdf,https://www.google.com/maps/place/?q=place_id:ChIJIUmNcS--wIcRKhFREwXCT-8,"$197 DFY profile fix (stub), credited to Care",PROSPECT - not contacted
Heartland Quality Heating & Cooling,KC,HVAC,Lee's Summit,(816) 525-2031,,,6,hvac contractor Lee's Summit MO,187,322.0,5,audit-heartland-quality-heating-cooling.pdf,https://www.google.com/maps/place/?q=place_id:ChIJKzORvgrfwIcRpLT3Txq5Rbw,"$197 DFY profile fix (stub), credited to Care",PROSPECT - not contacted
Hancock Brothers Plumbers,KC,Plumbing,Kansas City,(816) 670-4702,,,11,plumber Kansas City MO,217,249.5,5,audit-hancock-brothers-plumbers.pdf,https://www.google.com/maps/place/?q=place_id:ChIJo1nFPlr5wIcRxySGCkPgEjg,"$197 DFY profile fix (stub), credited to Care",PROSPECT - not contacted
Above All Construction,KC,Roofing,Kansas City,(913) 298-6603,nick@aboveallkc.com,,9,general contractor Kansas City MO,36,115.0,4,audit-above-all-construction.pdf,https://www.google.com/maps/place/?q=place_id:ChIJ50Y6x03xwIcRhHqMS0FSzNU,"$197 DFY profile fix (stub), credited to Care",PROSPECT - not contacted
Hearthstone Heat and Air,DFW,HVAC,Plano,(972) 200-0693,matt@hearthstoneheatandair.com,Matthew Robert Bruner,13,hvac contractor Plano TX,109,405.0,5,audit-hearthstone-heat-and-air.pdf,https://www.google.com/maps/place/?q=place_id:ChIJNYzniikZTIYRiXUzwV6-NtQ,"$197 DFY profile fix (stub), credited to Care",PROSPECT - not contacted
Fox Electric Ltd,DFW,Electrical,Arlington,(817) 461-2571,info@foxelectric.com,,6,electrician Arlington TX,104,132.0,7,audit-fox-electric-ltd.pdf,https://www.google.com/maps/place/?q=place_id:ChIJ3xDKMjJ9ToYRaKEoMFa60co,"$197 DFY profile fix (stub), credited to Care",PROSPECT - not contacted
Texas Style Roofing and Remodeling,DFW,Roofing,Arlington,(682) 306-9519,webmaster@texasstyleroofing.com,,23,roofing contractor Arlington TX,62,98.5,7,audit-texas-style-roofing-and-remodeling.pdf,https://www.google.com/maps/place/?q=place_id:ChIJgU5sjWpjToYR0AIq6TKeNp4,"$197 DFY profile fix (stub), credited to Care",PROSPECT - not contacted
Blue Diamond Plumbing of Texas(Plumber near you),DFW,Plumbing,Fort Worth,(817) 852-9498,,,11,plumber Fort Worth TX,119,167.5,5,audit-blue-diamond-plumbing-of-texas-plumber-near-you.pdf,https://www.google.com/maps/place/?q=place_id:ChIJbS3LX2XZTYYRXtNwXDTMUoE,"$197 DFY profile fix (stub), credited to Care",PROSPECT - not contacted
TL Remodeling,DFW,GC,Richardson,(214) 361-5820,info@tlremodeling.us,,4,general contractor Richardson TX,52,78.5,6,audit-tl-remodeling.pdf,https://www.google.com/maps/place/?q=place_id:ChIJk_ryT3cfTIYRVcTaLjGQQPs,"$197 DFY profile fix (stub), credited to Care",PROSPECT - not contacted
