company_name,metro,vertical,city,state,website,phone,email,contact_name,contact_title,employee_band,ops_stack_hint,site_quality_notes,score,tier,source_url,scraped_at,notes
B&C Quality General Contractors,DFW,Roofing,Carrollton,TX,http://www.bncqualityroofs.com/,(469) 226-9198,office@bncquality.com,,,5-25 (hyp.),no FSM detected publicly,no click-to-call; no schema markup; weak/missing title; stale footer ©2024; heavy page,88,A,https://www.google.com/maps/place/?q=place_id:ChIJg6bq7BsmTIYRMZ_F09aab18,2026-09-28T14:56:35Z,email=published on company website; rating 5 / 117 reviews; GBP categories: Roofing contractor | Bathroom remodeler | Dry wall contractor | Flooring contractor | General contractor | Insulation contractor | Kitchen remodeler | Painting | Siding contractor
The Plumbing Pro Inc.,KC,Plumbing,Grandview,MO,https://theplumbingpro.com/,(816) 763-8200,,,,5-25 (hyp.),no FSM detected publicly,no mobile viewport; no click-to-call; no schema markup; weak/missing title; no meta description; no online booking/quote CTA,86,A,https://www.google.com/maps/place/?q=place_id:ChIJj-UKtl_dwIcR_vOXqq4HLKA,2026-09-28T14:45:59Z,rating 4.8 / 256 reviews; GBP categories: Plumber
DRIP Plumbing,DFW,Plumbing,Denton,TX,https://dripplumbingntx.com/,(940) 222-7297,,,,5-25 (hyp.),no FSM detected publicly,no mobile viewport; no click-to-call; no schema markup; weak/missing title; no meta description; no online booking/quote CTA,86,A,https://www.google.com/maps/place/?q=place_id:ChIJmdQk54HLTYYRKhcvuiLL9pE,2026-09-28T14:53:05Z,rating 4.9 / 103 reviews; GBP categories: Plumber | Bathroom remodeler | Drainage service | Gasfitter | Hot water system supplier | Kitchen remodeler | Water filter supplier | Water softening equipment supplier
NSW Electrical Maintenance Inc,DFW,Electrical,Frisco,TX,http://www.nsw-electrical.com/,(469) 880-0838,info@nswelectrical.com,Jason Liu,CEO (per company website),5-25 (hyp.),no FSM detected publicly; CMS: WordPress,weak/missing title; no meta description; no online booking/quote CTA,85,A,https://www.google.com/maps/place/?q=place_id:ChIJ15pkNeI_TIYRrkowKDEsNWw,2026-09-28T14:54:19Z,contact=named on company website; email=published on company website; rating 5 / 260 reviews; GBP categories: Electrician | Service establishment
DOWNSHIFT-HVAC-R,DFW,HVAC,Mansfield,TX,https://www.downshift-hvac-r.com/,(817) 727-2901,info@downshift-hvac-r.com,Steven Lee Johnson,"License holder, TDLR A/C Contractor #153056",15-60 (hyp.),no FSM detected publicly; GBP booking link,no click-to-call; no schema markup; no meta description,85,A,https://www.google.com/maps/place/?q=place_id:ChIJU9w6Hs4m6QURbj3DXkWK5Ks,2026-09-28T14:52:02Z,contact=TDLR public license record; email=published on company website; rating 5 / 793 reviews; GBP categories: HVAC contractor | Air conditioning contractor | Air conditioning store | Air conditioning system supplier | Contractor | Furnace repair service | Heating contractor | Heating equipment supplier | Air conditioning repair service
Jenkins Roofing and Construction,DFW,Roofing,Arlington,TX,http://www.jenkinsroofing.com/,(817) 886-6710,arial@jenkinsroofing.com,Todd Jenkins,President (per company website),5-25 (hyp.),no FSM detected publicly; GBP booking link; CMS: WordPress/GoDaddy Builder,no click-to-call; no schema markup; no meta description,85,A,https://www.google.com/maps/place/?q=place_id:ChIJZeqfKWGGToYRGPT-Nqx5H6I,2026-09-28T14:55:51Z,contact=named on company website; email=published on company website; rating 4.9 / 128 reviews; GBP categories: Roofing contractor
Nisat Electric,DFW,Electrical,Frisco,TX,http://www.nisatelectric.com/,(214) 536-5555,,,,5-25 (hyp.),no FSM detected publicly,no HTTPS; no click-to-call; no schema markup; stale footer ©2008; no online booking/quote CTA,83,A,https://www.google.com/maps/place/?q=place_id:ChIJ062TWqEVTIYRDtrjSaKiRDM,2026-09-28T14:54:19Z,rating 4.8 / 249 reviews; GBP categories: Electrician | Service establishment
Hearthstone Heat and Air,DFW,HVAC,Plano,TX,http://hearthstoneheatandair.com/,(972) 200-0693,matt@hearthstoneheatandair.com,Matthew Robert Bruner,"License holder, TDLR A/C Contractor #128139",5-25 (hyp.),no FSM detected publicly; CMS: Squarespace,no online booking/quote CTA; heavy page,82,A,https://www.google.com/maps/place/?q=place_id:ChIJNYzniikZTIYRiXUzwV6-NtQ,2026-09-28T14:50:48Z,contact=TDLR public license record; email=published on company website; rating 5 / 109 reviews; GBP categories: Air conditioning contractor
SuperiAir LLC,DFW,HVAC,McKinney,TX,http://www.superiairdfw.com/,(214) 771-9436,superiairdfw@gmail.com,Walter Douglas Pinckney Sr,"License holder, TDLR A/C Contractor #88674",5-25 (hyp.),no FSM detected publicly; CMS: WordPress,no meta description; stale footer ©2021,82,A,https://www.google.com/maps/place/?q=place_id:ChIJp9d39xgTTIYRdIA6Q8GtptY,2026-09-28T14:51:09Z,contact=TDLR public license record; email=published on company website; rating 4.9 / 192 reviews; GBP categories: Air conditioning contractor | Air conditioning repair service | Air conditioning system supplier | Air duct cleaning service | Air filter supplier | Commercial refrigerator supplier | Heating contractor | Heating equipment supplier
NTX Air Pro,DFW,HVAC,Garland,TX,https://ntxairpro.com/contact/,(469) 363-1478,ntxairpro@gmail.com,Khoi Kim Nguyen,"License holder, TDLR A/C Contractor #101542",5-25 (hyp.),no FSM detected publicly; CMS: WordPress,no schema markup; no meta description,82,A,https://www.google.com/maps/place/?q=place_id:ChIJq6ruKp4dTIYRxGavSfzLmLs,2026-09-28T14:51:23Z,contact=TDLR public license record; email=published on company website; rating 5 / 136 reviews; GBP categories: Air conditioning contractor | Air conditioning repair service | Heating contractor
Reddy Electric,KC,Electrical,Olathe,KS,http://www.reddyelectrickc.com/#cid=glbc,(913) 764-0840,info@reddyelectrickc.com,Ed Davey,President (per company website),3-10 (hyp.),no FSM detected publicly,no HTTPS; no mobile viewport; no click-to-call; no schema markup; no meta description; stale footer ©2007; no online booking/quote CTA,81,A,https://www.google.com/maps/place/?q=place_id:ChIJA3HWbSy8wIcRvnXfeqD3Cdw,2026-09-28T14:47:18Z,contact=named on company website; email=published on company website; rating 4.9 / 19 reviews; GBP categories: Electrician
Fox Electric Ltd,DFW,Electrical,Arlington,TX,http://www.foxelectric.com/,(817) 461-2571,info@foxelectric.com,,,5-25 (hyp.),no FSM detected publicly; CMS: WordPress/GoDaddy Builder,no schema markup; no meta description; stale footer ©2023; no online booking/quote CTA,81,A,https://www.google.com/maps/place/?q=place_id:ChIJ3xDKMjJ9ToYRaKEoMFa60co,2026-09-28T14:54:10Z,email=published on company website; rating 4.1 / 104 reviews; GBP categories: Electrician
"BALBOA Restoration & Renovation, LLC",KC,GC,Olathe,KS,http://www.balboakc.com/,(913) 215-3738,service@balboakc.com,,,3-10 (hyp.),no FSM detected publicly; mkt: Angi/HomeAdvisor; CMS: WordPress,no HTTPS; no schema markup; weak/missing title; no meta description; stale footer ©2020,80,A,https://www.google.com/maps/place/?q=place_id:ChIJIUmNcS--wIcRKhFREwXCT-8,2026-09-28T14:48:31Z,email=published on company website; rating 5 / 49 reviews; GBP categories: Contractor
KC HVAC Savers,KC,HVAC,Lenexa,KS,https://kchvacsavers.com/,(913) 388-0575,support@kchvacsavers.com,,,5-25 (hyp.),no FSM detected publicly; GBP booking link; mkt: Angi/HomeAdvisor/Chat widget; CMS: WordPress,no schema markup; weak/missing title; no meta description,80,A,https://www.google.com/maps/place/?q=place_id:ChIJlwBeAL5XYiURN7j9OKrh5AY,2026-09-28T14:44:59Z,email=published on company website; rating 5 / 139 reviews; GBP categories: HVAC contractor | Air conditioning contractor | Air conditioning repair service | Furnace repair service
Martanne Construction,KC,GC,Overland Park,KS,http://www.martanneconstruction.com/,(913) 484-1299,info@martanneconstruction.com,,,5-25 (hyp.),no FSM detected publicly; CMS: Squarespace,no click-to-call; no online booking/quote CTA; heavy page,80,A,https://www.google.com/maps/place/?q=place_id:ChIJTXq2qWbLwIcRnW38l_UzvfE,2026-09-28T14:49:31Z,email=published on company website; rating 4.9 / 373 reviews; GBP categories: General contractor | Bathroom remodeler | Kitchen remodeler
Legacy Service Company Inc,KC,HVAC,Olathe,KS,http://www.legacyserviceco.com/,(913) 800-9888,dispatch@legacyserviceco.com,,,5-25 (hyp.),no FSM detected publicly; CMS: WordPress,no click-to-call; no schema markup; no meta description,80,A,https://www.google.com/maps/place/?q=place_id:ChIJoc2vRLvrBKsRvXMCCEROs-0,2026-09-28T14:45:04Z,email=published on company website; rating 4.6 / 293 reviews; GBP categories: HVAC contractor | Service establishment
CH n CH Construction,DFW,GC,Arlington,TX,https://www.chnchconstruction.com/,(817) 689-9431,info@chnchconstruction.com,,,5-25 (hyp.),no FSM detected publicly,no schema markup; stale footer ©2019; no online booking/quote CTA,80,A,https://www.google.com/maps/place/?q=place_id:ChIJ6TyycgF9ToYRZ9v615l3tis,2026-09-28T14:57:33Z,email=published on company website; rating 4.8 / 278 reviews; GBP categories: Kitchen remodeler | Bathroom remodeler | Countertop store | Lighting store | Painter | Tile contractor
Terrace Outdoor Design,DFW,GC,Frisco,TX,https://terraceoutdoordesign.com/,(972) 521-3998,,Collin Jarrell,Founder (per company website),5-25 (hyp.),no FSM detected publicly; GBP booking link,no click-to-call; no schema markup; no online booking/quote CTA,80,A,https://www.google.com/maps/place/?q=place_id:ChIJn-t954FJTGARMTIeKjp4viQ,2026-09-28T14:57:42Z,contact=named on company website; rating 5 / 142 reviews; GBP categories: Contractor | Construction company
Good Fellas Plumbing & Leak Detection,DFW,Plumbing,Mansfield,TX,http://www.goodfellasplumbingservices.com/,(972) 310-4938,,Chris Jaramillo,Owner (per company website),5-25 (hyp.),no FSM detected publicly; CMS: WordPress,no click-to-call; no schema markup; weak/missing title; no meta description; no online booking/quote CTA,80,A,https://www.google.com/maps/place/?q=place_id:ChIJN-Zg7oZj54kR9FnjkhO5I08,2026-09-28T14:53:45Z,contact=named on company website; rating 5 / 91 reviews; GBP categories: Plumber | Service establishment
The Handy Man,DFW,GC,Corinth,TX,https://www.thehandyman.buzz/,(469) 918-0672,bradley@thehandyman.buzz,,,5-25 (hyp.),no FSM detected publicly,no click-to-call; no schema markup; no meta description,80,A,https://www.google.com/maps/place/?q=place_id:ChIJsyuZwMvVF6cRGK0Bcnm0o4A,2026-09-28T14:58:08Z,email=published on company website; rating 4.7 / 162 reviews; GBP categories: Handyman/Handywoman/Handyperson | Contractor | Remodeler
Fort Tex Metals & Roofing,DFW,Roofing,Fort Worth,TX,https://ftmandroofing.com/,(682) 313-4066,alfonso@ftmandroofing.com,,,5-25 (hyp.),no FSM detected publicly; GBP booking link; CMS: WordPress/Squarespace,no click-to-call; no online booking/quote CTA; heavy page,80,A,https://www.google.com/maps/place/?q=place_id:ChIJLfOvQjZtToYRNtBRiPY-sBA,2026-09-28T14:55:40Z,email=published on company website; rating 5 / 189 reviews; GBP categories: Roofing contractor | Fence contractor | Gutter cleaning service | Gutter service | Painter | Solar energy system service
Texas Style Roofing and Remodeling,DFW,Roofing,Arlington,TX,http://texasstyleroofing.com/,(682) 306-9519,webmaster@texasstyleroofing.com,,,5-25 (hyp.),no FSM detected publicly,no HTTPS; no click-to-call; no schema markup; no meta description; no online booking/quote CTA,80,A,https://www.google.com/maps/place/?q=place_id:ChIJgU5sjWpjToYR0AIq6TKeNp4,2026-09-28T14:55:54Z,email=published on company website; rating 4.9 / 62 reviews; GBP categories: Roofing contractor
Fort Worth Air Conditioning Co. Inc.,DFW,HVAC,Fort Worth,TX,https://fortworth-air.com/,(817) 367-6000,,Olan A Pewitt,"License holder, TDLR A/C Contractor #23521",15-60 (hyp.),no FSM detected publicly,site behind bot-wall (not assessed),80,A,https://www.google.com/maps/place/?q=place_id:ChIJ0448j4QMToYRPa-ngQizuzA,2026-09-28T14:50:43Z,contact=TDLR public license record; rating 4.9 / 505 reviews; GBP categories: HVAC contractor | Air conditioning contractor | Air conditioning system supplier | Air duct cleaning service | Furnace repair service | Heating contractor | Heating equipment supplier | Home improvement store | Air conditioning repair service
Fort Worth Heat and Air,DFW,HVAC,Fort Worth,TX,https://www.fortworthheatandair.com/,(817) 800-0340,,Greg T George,"License holder, TDLR A/C Contractor #54416",5-25 (hyp.),no FSM detected publicly; GBP booking link,site behind bot-wall (not assessed),80,A,https://www.google.com/maps/place/?q=place_id:ChIJ___sJchwToYRidBcVaED-10,2026-09-28T14:50:43Z,contact=TDLR public license record; rating 4.8 / 107 reviews; GBP categories: Air conditioning contractor
On The Spot HVAC,DFW,HVAC,Allen,TX,https://onthespothvac.com/,(214) 831-8138,,Bao Quoc Pham,"License holder, TDLR A/C Contractor #87658",15-60 (hyp.),no FSM detected publicly; GBP booking link,site behind bot-wall (not assessed),80,A,https://www.google.com/maps/place/?q=place_id:ChIJv8EnU5EiTIYRjtPU15D_P-k,2026-09-28T14:50:48Z,contact=TDLR public license record; rating 4.9 / 1180 reviews; GBP categories: HVAC contractor | Air conditioning repair service | Air duct cleaning service | Heating contractor | Air conditioning contractor | Insulation contractor
Arlington AC & Heating,DFW,HVAC,Arlington,TX,http://www.arlingtonacandheating.com/,(817) 557-5000,,Ted W Jessup,"License holder, TDLR A/C Contractor #20931",5-25 (hyp.),no FSM detected publicly,site behind bot-wall (not assessed),80,A,https://www.google.com/maps/place/?q=place_id:ChIJv5sQzo17ToYR5DGs4kfPl4A,2026-09-28T14:50:53Z,contact=TDLR public license record; rating 5 / 156 reviews; GBP categories: HVAC contractor
Air Zone Experts,DFW,HVAC,Little Elm,TX,https://airzoneexperts.com/,(214) 430-9059,,Adrian T Racovei,"License holder, TDLR A/C Contractor #67231",15-60 (hyp.),no FSM detected publicly; GBP booking link,site behind bot-wall (not assessed),80,A,https://www.google.com/maps/place/?q=place_id:ChIJX3zLhec5TIYRGn2fWNiO5ig,2026-09-28T14:51:01Z,contact=TDLR public license record; rating 5 / 421 reviews; GBP categories: HVAC contractor | Air duct cleaning service | Furnace repair service | Air conditioning repair service
Ideal Air Of North Texas,DFW,HVAC,McKinney,TX,https://www.idealairofnorthtexas.com/,(469) 301-4608,michaelpaulzda1@gmail.com,,,15-60 (hyp.),no FSM detected publicly; mkt: Podium,no schema markup; no meta description; stale footer ©2023,80,A,https://www.google.com/maps/place/?q=place_id:ChIJid7vBIsTTIYRg7JxBbmSPVk,2026-09-28T14:51:07Z,email=published on company website; rating 4.9 / 548 reviews; GBP categories: HVAC contractor | Air conditioning contractor | Air conditioning repair service
Arctic Air Heating And Cooling,DFW,HVAC,McKinney,TX,https://www.arcticairhc.com/,(214) 326-0079,,Donavan Ray Bagshaw,"License holder, TDLR A/C Contractor #50341",5-25 (hyp.),no FSM detected publicly,site behind bot-wall (not assessed),80,A,https://www.google.com/maps/place/?q=place_id:ChIJo_2xebwTTIYRhha_KrVo_qY,2026-09-28T14:51:09Z,contact=TDLR public license record; rating 4.9 / 102 reviews; GBP categories: HVAC contractor | Service establishment
Work Environmental Systems,DFW,HVAC,Denton,TX,http://www.hotorcold.net/,(940) 387-1911,,David Melbourne Piatt,"License holder, TDLR A/C Contractor #2121",5-25 (hyp.),no FSM detected publicly,site unreachable (ConnectionError),80,A,https://www.google.com/maps/place/?q=place_id:ChIJO7bDpqnLTYYRsnvrKnHwRgg,2026-09-28T14:51:27Z,contact=TDLR public license record; rating 4.8 / 149 reviews; GBP categories: HVAC contractor | Heating contractor | Air conditioning contractor
1 Core Construction LLC,KC,Roofing,Kansas City,KS,https://www.1coreconstruction.com/,(913) 314-1931,jflores@1coreconstruction.com,Alfredo Torres,Founder (per company website),5-25 (hyp.),no FSM detected publicly; GBP booking link; CMS: WordPress,no click-to-call,79,B,https://www.google.com/maps/place/?q=place_id:ChIJsSpaU27zwIcRTK3xG3x4NLY,2026-09-28T14:49:59Z,contact=named on company website; email=published on company website; rating 4.8 / 149 reviews; GBP categories: Roofing contractor | Concrete contractor | Deck builder | Painting | Siding contractor | Wood floor installation service
Hancock Brothers Plumbers,KC,Plumbing,Kansas City,MO,,(816) 670-4702,,,,5-25 (hyp.),no FSM detected publicly,NO WEBSITE on Google profile,79,B,https://www.google.com/maps/place/?q=place_id:ChIJo1nFPlr5wIcRxySGCkPgEjg,2026-09-28T14:45:59Z,rating 4.8 / 217 reviews; GBP categories: Plumber
Heartland Quality Heating & Cooling,KC,HVAC,Lee's Summit,MO,,(816) 525-2031,,,,5-25 (hyp.),no FSM detected publicly,NO WEBSITE on Google profile,79,B,https://www.google.com/maps/place/?q=place_id:ChIJKzORvgrfwIcRpLT3Txq5Rbw,2026-09-28T14:45:12Z,rating 4.6 / 187 reviews; GBP categories: HVAC contractor | Air conditioning contractor | Air conditioning repair service | Furnace repair service | Heating contractor
Rapid Commercial Plumbing,KC,Plumbing,Liberty,MO,,(816) 693-6473,,,,5-25 (hyp.),no FSM detected publicly,NO WEBSITE on Google profile,79,B,https://www.google.com/maps/place/?q=place_id:ChIJQfTmMm1VwIcR7tDso5fHDrg,2026-09-28T14:46:59Z,rating 4.8 / 259 reviews; GBP categories: Plumber | Repair service
Dillon's Heating & Cooling,KC,HVAC,Lenexa,KS,,(913) 268-6700,,,,5-25 (hyp.),no FSM detected publicly,NO WEBSITE on Google profile,79,B,https://www.google.com/maps/place/?q=place_id:ChIJE2FZhT6TwIcRdvY1aE6NatY,2026-09-28T14:45:34Z,rating 4.9 / 243 reviews; GBP categories: HVAC contractor | Air conditioning contractor | Heating contractor
Blue Diamond Plumbing of Texas(Plumber near you),DFW,Plumbing,Fort Worth,TX,,(817) 852-9498,,,,5-25 (hyp.),no FSM detected publicly,NO WEBSITE on Google profile,79,B,https://www.google.com/maps/place/?q=place_id:ChIJbS3LX2XZTYYRXtNwXDTMUoE,2026-09-28T14:52:13Z,rating 4.7 / 119 reviews; GBP categories: Plumber | Remodeler | Swimming pool repair service
Kelly Young Electric Inc.,DFW,Electrical,Plano,TX,https://kellyyoungelectric.com/,(972) 943-0908,,,,5-25 (hyp.),no FSM detected publicly,no click-to-call; no schema markup; weak/missing title; no online booking/quote CTA,79,B,https://www.google.com/maps/place/?q=place_id:ChIJ4SJ5I_MYTIYRbqZgq8mAF_8,2026-09-28T14:54:07Z,rating 5 / 115 reviews; GBP categories: Electrician | Service establishment
Fort Construction,DFW,GC,Fort Worth,TX,https://fortconstruction.com/,(817) 885-7979,info@fortconstruction.com,Scott Price,President (per company website),15-60 (hyp.),no FSM detected publicly; CMS: WordPress,no meta description,79,B,https://www.google.com/maps/place/?q=place_id:ChIJRzs2hxFxToYRcQz-MwkFMuI,2026-09-28T14:57:19Z,contact=named on company website; email=published on company website; rating 4.9 / 512 reviews; GBP categories: General contractor | Construction company
VIP PLUMBING EXPERTS LLC,DFW,Plumbing,Frisco,TX,,(469) 486-0687,,,,5-25 (hyp.),no FSM detected publicly,NO WEBSITE on Google profile,79,B,https://www.google.com/maps/place/?q=place_id:ChIJXaZLCl49TIYRDXYty7DEayo,2026-09-28T14:52:37Z,rating 4.7 / 345 reviews; GBP categories: Plumber
Auto Electric Services,DFW,Electrical,Plano,TX,,(972) 424-1777,,,,5-25 (hyp.),no FSM detected publicly,NO WEBSITE on Google profile,79,B,https://www.google.com/maps/place/?q=place_id:ChIJ7yY20akZTIYRAFv1D2l79zQ,2026-09-28T14:54:07Z,rating 4.5 / 136 reviews; GBP categories: Auto repair shop | Auto parts market | Auto parts store | Car accessories store | Car alarm supplier | Car battery store | Chauffeur service | Car stereo store | Electrician | Electronics repair shop
VLS Construction & Restoration LLC,DFW,GC,Fort Worth,TX,,(817) 889-5009,,,,5-25 (hyp.),no FSM detected publicly,NO WEBSITE on Google profile,79,B,https://www.google.com/maps/place/?q=place_id:ChIJU5IhJ8BLaQIRmdAJaJRyrMk,2026-09-28T14:57:22Z,rating 5 / 131 reviews; GBP categories: General contractor | Service establishment
Discount Backflow LLC,DFW,Plumbing,Denton,TX,,(940) 800-8378,,,,5-25 (hyp.),no FSM detected publicly,NO WEBSITE on Google profile,79,B,https://www.google.com/maps/place/?q=place_id:ChIJKT2S30-SnIcRGA3EnAnP7M0,2026-09-28T14:53:08Z,rating 5 / 110 reviews; GBP categories: Plumber | Service establishment
Lon Smith Roofing & Construction,DFW,Roofing,Fort Worth,TX,https://www.lonsmith.com/,(817) 926-8400,info@lonsmith.com,Shawn Michael,President (per company website),5-25 (hyp.),no FSM detected publicly; mkt: CallRail; CMS: WordPress,stale footer ©2023,79,B,https://www.google.com/maps/place/?q=place_id:ChIJV07Dw9BxToYRXy5iN0BTWZo,2026-09-28T14:55:37Z,contact=named on company website; email=published on company website; rating 4.7 / 320 reviews; GBP categories: Roofing contractor
Azael Electrical And Lighting Design LLC,DFW,Electrical,Arlington,TX,https://azaelelectrical.com/,(682) 233-4611,info@azaelelectrical.com,Jazon Gonzalez,CEO (per company website),5-25 (hyp.),no FSM detected publicly; mkt: CallRail/Chat widget; CMS: WordPress,stale footer ©2022,79,B,https://www.google.com/maps/place/?q=place_id:ChIJI55C1-RhToYRiSFDJySbRL0,2026-09-28T14:54:10Z,contact=named on company website; email=published on company website; rating 5 / 262 reviews; GBP categories: Electrician | Electric vehicle charging station contractor | Electrical installation service | Landscape lighting designer | Lighting contractor
Pro Brush Painting And Remodeling,DFW,GC,Arlington,TX,,(817) 538-5200,,,,5-25 (hyp.),no FSM detected publicly,NO WEBSITE on Google profile,79,B,https://www.google.com/maps/place/?q=place_id:ChIJtV6sNFl9ToYR-TL-6y1fKwE,2026-09-28T14:57:36Z,rating 4.8 / 157 reviews; GBP categories: Painter | Deck builder | Kitchen remodeler | Marble contractor | Painting
Kline LLC,DFW,Plumbing,Southlake,TX,,(682) 615-6528,,,,5-25 (hyp.),no FSM detected publicly,NO WEBSITE on Google profile,79,B,https://www.google.com/maps/place/?q=place_id:ChIJlVy_hP_VTYYRGC8YN3HH4og,2026-09-28T14:53:23Z,rating 4.8 / 114 reviews; GBP categories: Plumber
Davis Roofing Solutions,DFW,Roofing,Fort Worth,TX,https://www.davisroofingsolutions.com/,(817) 857-7663,drew@davisroofingsolutions.com,Drew Davis,CEO (per company website),15-60 (hyp.),no FSM detected publicly; CMS: WordPress,stale footer ©2022,79,B,https://www.google.com/maps/place/?q=place_id:ChIJNZTvooAIzyQRo9MxTZXgNAQ,2026-09-28T14:55:37Z,contact=named on company website; email=published on company website; rating 5 / 488 reviews; GBP categories: Roofing contractor | Gutter service
Foster Electric LLC,DFW,Electrical,McKinney,TX,,(972) 837-6098,,,,5-25 (hyp.),no FSM detected publicly,NO WEBSITE on Google profile,79,B,https://www.google.com/maps/place/?q=place_id:ChIJV8qaJKuaN6URrKPKUIM_h1E,2026-09-28T14:54:26Z,rating 5 / 139 reviews; GBP categories: Electrician | Service establishment
"Irwin Construction, LLC",DFW,GC,Denton,TX,http://www.irwinbuilds.com/,(940) 299-9954,info@irwinbuilds.com,Kelley Irwin,Co-Founder (per company website),5-25 (hyp.),no FSM detected publicly; GBP booking link; CMS: WordPress,no click-to-call,79,B,https://www.google.com/maps/place/?q=place_id:ChIJ08oZss_LTYYRVaA6E5p9mFA,2026-09-28T14:58:06Z,contact=named on company website; email=published on company website; rating 5 / 113 reviews; GBP categories: General contractor | Bathroom remodeler | Service establishment | Kitchen remodeler | Remodeler
Sawyer Brothers Plumber's Service Co,DFW,Plumbing,Richardson,TX,,(972) 203-6550,,,,5-25 (hyp.),no FSM detected publicly,NO WEBSITE on Google profile,79,B,https://www.google.com/maps/place/?q=place_id:ChIJawJLTz4ZTIYRAQDwDVP9kTY,2026-09-28T14:53:34Z,rating 4.8 / 122 reviews; GBP categories: Plumber
Cabrera & Sons Roofers LLC,DFW,Roofing,Frisco,TX,,(469) 940-4343,,,,5-25 (hyp.),no FSM detected publicly,NO WEBSITE on Google profile,79,B,https://www.google.com/maps/place/?q=place_id:ChIJbV95hgc5TIYR0a5FoGQrJ2w,2026-09-28T14:55:58Z,rating 4.8 / 127 reviews; GBP categories: Roofing contractor
Mario and Sons Electric,DFW,Electrical,Denton,TX,http://marioandsonselectric.com/,(940) 735-4769,mario_tovar@marioandsonselectric.com,Acosta Tovar,Owner (per company website),5-25 (hyp.),no FSM detected publicly; GBP booking link; CMS: Squarespace,no online booking/quote CTA,79,B,https://www.google.com/maps/place/?q=place_id:ChIJcWMGv2y6WQ8RNdnsjmr5UWc,2026-09-28T14:54:46Z,contact=named on company website; email=published on company website; rating 4.8 / 209 reviews; GBP categories: Electrician | Contractor
Vertical Solutions Roofing & Construction,DFW,Roofing,Carrollton,TX,http://www.verticalsolutionsroofing.com/,(214) 706-2749,info@verticalsolutionsroofing.com,Austin McMeans,Founder (per company website),5-25 (hyp.),no FSM detected publicly; CMS: WordPress,no click-to-call,79,B,https://www.google.com/maps/place/?q=place_id:ChIJ6VJVKgctTIYRXzlgLSBENfQ,2026-09-28T14:56:35Z,contact=named on company website; email=published on company website; rating 4.8 / 231 reviews; GBP categories: Roofing contractor
F Q Electrical Co. LLC,DFW,Electrical,Ponder,TX,https://fqelectricalcollc.com/,(817) 793-3865,,,,5-25 (hyp.),no FSM detected publicly,no click-to-call; no schema markup; no meta description; no online booking/quote CTA,79,B,https://www.google.com/maps/place/?q=place_id:ChIJW7z4m1jJTYYR_kX5qJCNO2A,2026-09-28T14:54:46Z,rating 4.9 / 235 reviews; GBP categories: Electrical installation service
Carey Plumbing Company,DFW,Plumbing,Irving,TX,http://www.careyplumbingcompany.us/,(817) 435-0850,,,,3-10 (hyp.),no FSM detected publicly; GBP booking link,no HTTPS; no click-to-call; no schema markup; weak/missing title; no meta description; no online booking/quote CTA,78,B,https://www.google.com/maps/place/?q=place_id:ChIJK10ZCI5IxgsRFxvGwFIFpk0,2026-09-28T14:52:51Z,rating 4.9 / 47 reviews; GBP categories: Plumber
Mathews Electric,KC,Electrical,Kansas City,MO,https://www.mathewselectric.us/,(816) 533-5409,office@mathewselectric.us,,,5-25 (hyp.),no FSM detected publicly; CMS: WordPress/GoDaddy Builder,no click-to-call; no meta description,77,B,https://www.google.com/maps/place/?q=place_id:ChIJPbxU1j78c0gRppBQZKmMULs,2026-09-28T14:47:07Z,email=published on company website; rating 4.9 / 129 reviews; GBP categories: Electrician | Service establishment
Above All Construction,KC,Roofing,Kansas City,MO,https://aboveallkc.com/,(913) 298-6603,nick@aboveallkc.com,,,5-25 (hyp.),no FSM detected publicly; CMS: WordPress,no schema markup; no online booking/quote CTA,77,B,https://www.google.com/maps/place/?q=place_id:ChIJ50Y6x03xwIcRhHqMS0FSzNU,2026-09-28T14:48:14Z,email=published on company website; rating 4.8 / 162 reviews; GBP categories: Roofing contractor | Gutter service | Patio enclosure supplier | Portable building manufacturer | Remodeler | Siding contractor | Skylight contractor | Window installation service
EPIC Exteriors,KC,Roofing,Overland Park,KS,http://www.epicexteriorskc.com/,(913) 963-2276,shawn@epicexteriorskc.com,,,5-25 (hyp.),no FSM detected publicly; mkt: HubSpot/Angi/HomeAdvisor; CMS: WordPress,no click-to-call; no schema markup,77,B,https://www.google.com/maps/place/?q=place_id:ChIJM56lDu-_wIcRZxsaYnf1W94,2026-09-28T14:48:24Z,email=published on company website; rating 4.8 / 386 reviews; GBP categories: Roofing contractor | Contractor
Sunlife Systems Midwest Inc,KC,Roofing,Lee's Summit,MO,https://www.sunlifemidwest.com/,(816) 221-8055,mark.lobel@sunlifemidwest.com,,,5-25 (hyp.),no FSM detected publicly; CMS: WordPress,stale footer ©2024; no online booking/quote CTA,77,B,https://www.google.com/maps/place/?q=place_id:ChIJd_mTA3wbJgwRdgCOmEGerzc,2026-09-28T14:48:39Z,email=published on company website; rating 5 / 259 reviews; GBP categories: Roofing contractor
Schuler,KC,HVAC,Kansas City,KS,http://schulerkc.com/,(913) 262-2969,,Jen Ingala,President (per company website),5-25 (hyp.),no FSM detected publicly; mkt: Podium; CMS: WordPress,no click-to-call; no meta description,77,B,https://www.google.com/maps/place/?q=place_id:ChIJ7RxC9IztwIcRdGsWgCW5fCg,2026-09-28T14:44:59Z,contact=named on company website; rating 4.9 / 180 reviews; GBP categories: HVAC contractor | Air conditioning contractor | Air conditioning system supplier | Heating equipment supplier | Heating contractor
Guaranteed Affordable Roofing,KC,Roofing,Independence,MO,http://www.guaranteedaffordableroofs.com/,(816) 529-0706,g.a.roofing@sbcglobal.net,,,5-25 (hyp.),no FSM detected publicly; GBP booking link; mkt: Angi/HomeAdvisor,no schema markup; stale footer ©2023,77,B,https://www.google.com/maps/place/?q=place_id:ChIJs2k2pcQcwYcR1XlMq3tyggM,2026-09-28T14:48:43Z,email=published on company website; rating 4.8 / 149 reviews; GBP categories: Roofing contractor
TJS HVAC Services,KC,HVAC,Olathe,KS,https://tjshvacservices.com/,(913) 433-4950,tjhvac1@gmail.com,,,5-25 (hyp.),no FSM detected publicly,no click-to-call; heavy page,77,B,https://www.google.com/maps/place/?q=place_id:ChIJIee0x259v4cR3IM3uuncGDA,2026-09-28T14:45:04Z,email=published on company website; rating 5 / 215 reviews; GBP categories: HVAC contractor | Service establishment
Heating and Cooling KC LLC,KC,HVAC,Olathe,KS,http://heatingandcoolingkc.com/,(913) 215-8406,heatingandcoolingkc@gmail.com,,,5-25 (hyp.),no FSM detected publicly; CMS: GoDaddy Builder,no schema markup; stale footer ©2023,77,B,https://www.google.com/maps/place/?q=place_id:ChIJMXHwNbct5EkRi_gk4ftGIAY,2026-09-28T14:45:04Z,email=published on company website; rating 5 / 132 reviews; GBP categories: HVAC contractor | Air conditioning contractor | Air duct cleaning service | Dryer vent cleaning service | Furnace parts supplier | Furnace repair service | Air conditioning repair service
"Groom's Appliance, Heating & Cooling",KC,HVAC,Lee's Summit,MO,https://groomsappliance.com/,(816) 524-7184,alana@groomsappliance.com,,,15-60 (hyp.),no FSM detected publicly; CMS: WordPress,no click-to-call; no meta description,77,B,https://www.google.com/maps/place/?q=place_id:ChIJ7e3HceIjwYcRxQ297F0iM3I,2026-09-28T14:45:12Z,email=published on company website; rating 5 / 662 reviews; GBP categories: Air conditioning contractor | Appliance repair service | Service establishment | Heating contractor
Military Construction co,DFW,Plumbing,Fort Worth,TX,https://militaryconstructionco.com/,(817) 569-0090,info@militaryconstructionco.com,,,5-25 (hyp.),no FSM detected publicly; GBP booking link; CMS: WordPress,no schema markup; no meta description,77,B,https://www.google.com/maps/place/?q=place_id:ChIJ0QiGVSXZTYYRSekrLBqHX_Y,2026-09-28T14:57:19Z,email=published on company website; rating 5 / 166 reviews; GBP categories: Roofing contractor | Contractor | Demolition contractor | Fence contractor | Gutter cleaning service | Plumber | Remodeler | Siding contractor | Stucco contractor | Tile contractor
Rooflens,DFW,Roofing,Plano,TX,https://rooflenstx.com/,(945) 253-5999,info@rooflenstx.com,,,5-25 (hyp.),no FSM detected publicly; CMS: WordPress,no meta description; no online booking/quote CTA,77,B,https://www.google.com/maps/place/?q=place_id:ChIJfbxJsdEZTIYRBLxqeQi0hE0,2026-09-28T14:55:44Z,email=published on company website; rating 5 / 261 reviews; GBP categories: Roofing contractor
Primetime Electrical Contractors,DFW,Electrical,Plano,TX,http://www.myprimetimeelectrical.com/,(214) 776-7066,husein@myprimetimeelectrical.com,,,5-25 (hyp.),no FSM detected publicly; CMS: WordPress,no HTTPS; no meta description,77,B,https://www.google.com/maps/place/?q=place_id:ChIJo97kp0OWjycRzPYk1zvZMVE,2026-09-28T14:54:04Z,email=published on company website; rating 5 / 189 reviews; GBP categories: Electrician | Electrical installation service | Electrical repair shop | Service establishment
RCSA Roofing & Construction,DFW,Roofing,Plano,TX,http://www.rcsausa.com/,(972) 360-7891,info@rcsausa.com,,,5-25 (hyp.),no FSM detected publicly; CMS: WordPress,weak/missing title; no meta description,77,B,https://www.google.com/maps/place/?q=place_id:ChIJvdgn51IdTIYRbpWyaG2h4j8,2026-09-28T14:55:46Z,email=published on company website; rating 5 / 191 reviews; GBP categories: Roofing contractor | General contractor
Lambright Electric Allen TX,DFW,Electrical,Allen,TX,http://lambrightelectricllc.com/,(214) 815-6745,lambrightelectricllc@gmail.com,,,5-25 (hyp.),no FSM detected publicly; CMS: Wix,stale footer ©2022; no online booking/quote CTA,77,B,https://www.google.com/maps/place/?q=place_id:ChIJd204uv0ZTIYR1L7yIMz8j3o,2026-09-28T14:54:04Z,email=published on company website; rating 5 / 127 reviews; GBP categories: Electrician
Impression Roofing,DFW,Roofing,Frisco,TX,http://impressionroofing.com/,(469) 905-5050,contact@impressionroofing.com,,,5-25 (hyp.),no FSM detected publicly; CMS: WordPress,no schema markup; no meta description,77,B,https://www.google.com/maps/place/?q=place_id:ChIJZ5xSHtppTIYR1gblDfcdns0,2026-09-28T14:55:58Z,email=published on company website; rating 4.9 / 121 reviews; GBP categories: Roofing contractor | General contractor | Water damage restoration service
DLI Electric,DFW,Electrical,Arlington,TX,http://dlielectric.com/,(817) 454-1580,david@dlielectric.com,,,5-25 (hyp.),no FSM detected publicly; CMS: WordPress,no click-to-call; no meta description,77,B,https://www.google.com/maps/place/?q=place_id:ChIJeeitU0FhToYRTxQix0r3Jc4,2026-09-28T14:54:10Z,email=published on company website; rating 4.9 / 245 reviews; GBP categories: Electrician
Roof Me LLC | Roofing & General Contracting | TEXT,DFW,Roofing,Garland,TX,https://www.roofmellc.com/,(469) 826-2945,roofmellc@gmail.com,,,5-25 (hyp.),no FSM detected publicly; CMS: Squarespace,no click-to-call; weak/missing title,77,B,https://www.google.com/maps/place/?q=place_id:ChIJ61hlhXgfTIYRLBhJLKtAjcA,2026-09-28T14:56:24Z,email=published on company website; rating 5 / 320 reviews; GBP categories: Roofing contractor
B. L. Rieke & Associates,KC,GC,Lenexa,KS,http://www.blrieke.com/,(913) 599-3393,,Bruce Rieke,President (per company website),3-10 (hyp.),no FSM detected publicly,no schema markup; weak/missing title; no meta description; no online booking/quote CTA,76,B,https://www.google.com/maps/place/?q=place_id:ChIJ-wFkz5SUwIcRenr3VcfX9Wg,2026-09-28T14:50:09Z,contact=named on company website; rating 4.7 / 58 reviews; GBP categories: Home builder | Contractor | Custom home builder | Interior designer
Handy Hayes Improvements LLC,KC,GC,Liberty,MO,https://handyhayesimprovements.com/,(816) 809-1280,blake@handyhayesimprovements.com,,,5-25 (hyp.),no FSM detected publicly,no schema markup; weak/missing title; no meta description; stale footer ©2024,76,B,https://www.google.com/maps/place/?q=place_id:ChIJ9cAtCokNo48R1t2eWWrsrsw,2026-09-28T14:50:29Z,email=published on company website; rating 5 / 70 reviews; GBP categories: General contractor | Bathroom remodeler | Deck builder | Demolition contractor | Service establishment | Kitchen remodeler
Teague Electric,KC,Electrical,Lenexa,KS,http://www.teagueelectric.com/,(913) 529-4600,,,,5-25 (hyp.),no FSM detected publicly; GBP booking link,site behind bot-wall (not assessed),75,B,https://www.google.com/maps/place/?q=place_id:ChIJ-8XD77KUwIcR2Xl_vBCDEdw,2026-09-28T14:47:04Z,rating 4.9 / 148 reviews; GBP categories: Electrician | Electrical installation service | Electrical repair shop
Outdoor Lighting Perspectives of Kansas City,KC,Electrical,Overland Park,KS,https://www.outdoorlights.com/kansas-city,(913) 285-8450,,,,5-25 (hyp.),no FSM detected publicly; GBP booking link,site unreachable (403),75,B,https://www.google.com/maps/place/?q=place_id:ChIJcd_bdHLrwIcRUbcmg0e759Q,2026-09-28T14:47:13Z,rating 5 / 274 reviews; GBP categories: Electrician | Landscape lighting designer | Service establishment | Landscaper | Lighting consultant | Lighting contractor | Lighting store | Lighting products wholesaler
True Blue Plumbing LLC,KC,Plumbing,Kansas City,MO,http://www.trueblueplumbingkc.com/,(816) 628-2583,,,,5-25 (hyp.),no FSM detected publicly,site unreachable (403),75,B,https://www.google.com/maps/place/?q=place_id:ChIJb0VTMKxNwIcRiHWfXxrV_gg,2026-09-28T14:45:59Z,rating 4.7 / 296 reviews; GBP categories: Plumber | Contractor | Drainage service | Septic system service
Modern Construction Services LLC,KC,GC,Shawnee,KS,https://constructionmcs.com/,(913) 290-2495,,,,5-25 (hyp.),no FSM detected publicly,site behind bot-wall (not assessed),75,B,https://www.google.com/maps/place/?q=place_id:ChIJPeaT7sKh8UwRSmAmRmq-Uuo,2026-09-28T14:49:05Z,rating 4.5 / 105 reviews; GBP categories: General contractor
Inception Plumbing,KC,Plumbing,Kansas City,MO,https://inceptionplumbing.com/locations/kansas-city-mo/,(816) 369-1010,,,,5-25 (hyp.),no FSM detected publicly; GBP booking link,site behind bot-wall (not assessed),75,B,https://www.google.com/maps/place/?q=place_id:ChIJ-3-7sv38wIcRrMCsvdkxV08,2026-09-28T14:45:59Z,rating 4.9 / 167 reviews; GBP categories: Plumber | Drainage service | Gas installation service | Gasfitter | Water purification company | Water softening equipment supplier
Bryan Casey Construction LLC,KC,GC,Parkville,MO,http://www.bryancaseyconstruction.com/,(816) 716-8258,,,,5-25 (hyp.),no FSM detected publicly,site behind bot-wall (not assessed),75,B,https://www.google.com/maps/place/?q=place_id:ChIJie6QHSZZwIcRwgUyqEdN4CM,2026-09-28T14:49:24Z,rating 4.5 / 239 reviews; GBP categories: Contractor
Zoom Drain KC,KC,Plumbing,Kansas City,MO,https://www.zoomdrain.com/kansas-city/,(816) 693-2700,,,,5-25 (hyp.),no FSM detected publicly; GBP booking link,site unreachable (403),75,B,https://www.google.com/maps/place/?q=place_id:ChIJQXuevGblwIcR6aMGcSOVgvc,2026-09-28T14:45:59Z,rating 4.8 / 197 reviews; GBP categories: Plumber | Drainage service | Repair service
Garcia Roofing Kansas City,KC,Roofing,Kansas City,MO,http://www.garciaroofing.biz/,(816) 286-7387,,,,5-25 (hyp.),no FSM detected publicly,site unreachable (ReadTimeout),75,B,https://www.google.com/maps/place/?q=place_id:ChIJVyUob5_bwIcRbfQdjt6pXQw,2026-09-28T14:48:14Z,rating 5 / 248 reviews; GBP categories: Roofing contractor
Homoly Design + Build,KC,GC,Kansas City,MO,https://www.homoly.com/,(816) 340-6675,,,,5-25 (hyp.),no FSM detected publicly,site behind bot-wall (not assessed),75,B,https://www.google.com/maps/place/?q=place_id:ChIJy8ni5_TwwIcR5bJvLLkzwnM,2026-09-28T14:49:24Z,rating 4.8 / 155 reviews; GBP categories: Custom home builder | Construction company | Home builder | Real estate developer | Remodeler
PlumbWorks LLC,KC,Plumbing,Kansas City,MO,https://www.plumbworkskc.com/,(816) 518-8685,,,,5-25 (hyp.),no FSM detected publicly,site unreachable (ReadTimeout),75,B,https://www.google.com/maps/place/?q=place_id:ChIJjR-zV-ErwYcRFxVXqus4OgE,2026-09-28T14:46:01Z,rating 4.8 / 157 reviews; GBP categories: Plumber | Service establishment
Farha Roofing,KC,Roofing,Kansas City,MO,https://farharoofing.com/kansas-city-mo/,(816) 828-1506,,,,5-25 (hyp.),no FSM detected publicly,site behind bot-wall (not assessed),75,B,https://www.google.com/maps/place/?q=place_id:ChIJ_9WVZyvxwIcRuRKjkejF4zM,2026-09-28T14:48:17Z,rating 4.9 / 116 reviews; GBP categories: Roofing contractor
Cornerstone Construction Services,KC,GC,Overland Park,KS,https://buildingcornerstone.com/,(913) 839-3002,mitch.hazen@outlook.com,Mitch Hazen,Owner (per company website),5-25 (hyp.),no FSM detected publicly; GBP booking link; mkt: Angi/HomeAdvisor; CMS: WordPress,,75,B,https://www.google.com/maps/place/?q=place_id:ChIJFdgT5W29wIcRcmXc0a-u-pg,2026-09-28T14:49:31Z,contact=named on company website; email=published on company website; rating 5 / 287 reviews; GBP categories: Remodeler | Bathroom remodeler | Service establishment | Kitchen remodeler
KC Sunshine Services,KC,Plumbing,Kansas City,KS,http://kcsunshineplumbing.com/,(913) 933-6233,,,,5-25 (hyp.),no FSM detected publicly; GBP booking link,site unreachable (403),75,B,https://www.google.com/maps/place/?q=place_id:ChIJQxERXiAuq48RngS5wh5Yw7I,2026-09-28T14:46:01Z,rating 4.9 / 122 reviews; GBP categories: Plumber
Royal Roofing & Solar,KC,Roofing,Kansas City,MO,http://roofedbyroyal.com/,(816) 540-7057,,,,5-25 (hyp.),no FSM detected publicly,site behind bot-wall (not assessed),75,B,https://www.google.com/maps/place/?q=place_id:ChIJXc8m5rHvwIcR5mCwJfTbPg0,2026-09-28T14:48:17Z,rating 4.8 / 103 reviews; GBP categories: Roofing contractor
Climate Doctors,DFW,GC,Richardson,TX,http://www.climatedoctors.net/,(214) 972-1501,,,,5-25 (hyp.),no FSM detected publicly,site unreachable (ConnectionError),75,B,https://www.google.com/maps/place/?q=place_id:ChIJWYnN-QcfTIYRkJiQz2R13jU,2026-09-28T14:51:55Z,rating 4.8 / 142 reviews; GBP categories: Air duct cleaning service | Insulation contractor
Passion Lighting,DFW,GC,Grapevine,TX,http://www.passionlighting.com/,(817) 310-3261,,,,5-25 (hyp.),no FSM detected publicly,site behind bot-wall (not assessed),75,B,https://www.google.com/maps/place/?q=place_id:ChIJg7IhP8vUTYYRobbXnceLj_4,2026-09-28T14:55:05Z,rating 4.5 / 200 reviews; GBP categories: Lighting store | Bathroom remodeler | Home improvement store | Kitchen remodeler | Landscape lighting designer
DFW Superior Drywall Pros of Fort Worth,DFW,GC,Fort Worth,TX,https://dfwsuperiordrywallpros.com/drywall-repair-fort-worth/,(817) 383-0427,,,,5-25 (hyp.),no FSM detected publicly,site behind bot-wall (not assessed),75,B,https://www.google.com/maps/place/?q=place_id:ChIJWeLB-b1xToYRAhNOUxmH8Xc,2026-09-28T14:57:19Z,rating 5 / 175 reviews; GBP categories: Dry wall contractor
Plumb Shield Plumbing,DFW,Plumbing,Fort Worth,TX,https://www.plumbshieldplumbingllc.com/,(817) 773-7966,,,,5-25 (hyp.),no FSM detected publicly; GBP booking link,site unreachable (ConnectionError),75,B,https://www.google.com/maps/place/?q=place_id:ChIJYWldUooNToYRgbZYYYuMf6I,2026-09-28T14:52:16Z,rating 4.8 / 100 reviews; GBP categories: Plumber | Drainage service
Ace Handyman Services Collin County,DFW,GC,Plano,TX,https://www.acehandymanservices.com/offices/collin-county,(214) 305-8223,,,,5-25 (hyp.),no FSM detected publicly; GBP booking link,site behind bot-wall (not assessed),75,B,https://www.google.com/maps/place/?q=place_id:ChIJ7aQbIYQVTIYRw81NUo8MC4M,2026-09-28T14:57:29Z,rating 4.8 / 189 reviews; GBP categories: Handyman/Handywoman/Handyperson | Bathroom remodeler | Contractor | Flooring contractor | General contractor | Kitchen remodeler | Painter | Tile contractor
Plumb Shield Plumbing,DFW,Plumbing,Fort Worth,TX,https://www.plumbshieldplumbingllctx.com/,(817) 773-7966,,,,5-25 (hyp.),no FSM detected publicly; GBP booking link,site unreachable (ReadTimeout),75,B,https://www.google.com/maps/place/?q=place_id:ChIJnybjvH9zToYRptyfZJ24zrM,2026-09-28T14:52:16Z,rating 5 / 123 reviews; GBP categories: Plumber
API Contracting & Remodeling,DFW,GC,Arlington,TX,https://apiremodel.com/,(214) 751-8793,,,,15-60 (hyp.),no FSM detected publicly,site unreachable (ReadTimeout),75,B,https://www.google.com/maps/place/?q=place_id:ChIJn7_tC_59ToYRYtfCEuP_mQw,2026-09-28T14:57:33Z,rating 5 / 430 reviews; GBP categories: General contractor | Bathroom remodeler | Remodeler | Home builder | Kitchen remodeler
ABC Plumbing,DFW,Plumbing,Watauga,TX,https://www.abcplumbingtx.com/,(817) 427-3222,,,,5-25 (hyp.),no FSM detected publicly,site unreachable (403),75,B,https://www.google.com/maps/place/?q=place_id:ChIJB_E95hx4ToYR9RkxnbPO7To,2026-09-28T14:52:16Z,rating 4.9 / 239 reviews; GBP categories: Plumber | Drainage service
Pure Light Electric LLC,KC,Electrical,Kansas City,MO,http://purelightelectric.com/,(913) 278-6049,info@purelightelectric.com,,,5-25 (hyp.),no FSM detected publicly; GBP booking link; mkt: Angi/HomeAdvisor,no HTTPS,74,B,https://www.google.com/maps/place/?q=place_id:ChIJUTyoX9LxwIcRuefP-Bfq6Gs,2026-09-28T14:47:04Z,email=published on company website; rating 5 / 224 reviews; GBP categories: Electrician
Amped KC,KC,Electrical,Olathe,KS,http://www.ampedkc.com/,(913) 800-1719,info@ampedkc.com,,,15-60 (hyp.),no FSM detected publicly,no schema markup,74,B,https://www.google.com/maps/place/?q=place_id:ChIJG0y66JOXwIcRY35ZE1YLIzM,2026-09-28T14:47:20Z,email=published on company website; rating 5 / 454 reviews; GBP categories: Electrical installation service | Construction company | Contractor | Electrician | Service establishment | General contractor
Freedom Electrical Services LLC,KC,Electrical,Excelsior Springs,MO,https://freedomelectricalkc.com/,(816) 562-2622,,,,5-25 (hyp.),no FSM detected publicly,no click-to-call; no online booking/quote CTA,72,B,https://www.google.com/maps/place/?q=place_id:ChIJe0tVlrxVwIcRetouIY03Jsk,2026-09-28T14:48:07Z,rating 4.9 / 119 reviews; GBP categories: Electrician
Armitage Electric Co,KC,Electrical,Kansas City,MO,,(816) 231-8277,,,,3-10 (hyp.),no FSM detected publicly,NO WEBSITE on Google profile,71,B,https://www.google.com/maps/place/?q=place_id:ChIJwa4H6r_6wIcRSoglVFqG2a8,2026-09-28T14:47:07Z,rating 4.7 / 49 reviews; GBP categories: Electrician | Car repair and maintenance service
