Company,reason
NextGen Gardens LLC,non-asia-origin:Poland
Artistic Tile Inc,non-asia-origin:Italy
"Athlete Performance Solutions, LLC",no-name
"Atlas International - Consulting, Sourcing, and Brokering LLC",broker
"JDI Display America, Inc.",foreign-only
Sonova Consumer Hearing USA LLC,foreign-only
"Guitar Center, Inc.",out-of-icp-size
"POSCO Silicon Solution, Co.",foreign-only
Jereh Energy Equipment and Technologies Corporation,foreign-only
Walgreen Company,out-of-icp-size
"Daye North America, Inc.",foreign-only
Winner Medical Co.,foreign-only
Nuvoton Technology Corp.,foreign-only
"Molex, LLC",out-of-icp-size
BIC Corporation.,out-of-icp-size
"Rhyno Group, LLC",no-website
"Peak Degrees, LLC",no-phone
"Nuwa Labs, Inc.",no-phone
"Palm Auto Security, Inc.",no-website
Siddhi Jewelry,no-name
Absolute Cards LLC,no-website
PakBrite LLC,no-phone
"Timing Guys, Inc. d/b/a Schill U.S.",no-name
Millennium 3 Packaging Group,other:site-unreachable
Biddle Sawyer Corporation,no-name
Peking Handicraft Inc.,no-name
"Sweet Jojo Designs, LLC",out-of-icp-size
FFORA,no-phone
TRADEXO LLC,no-phone
"CeramSource, Inc.",no-name
Ubavu,no-phone
DSGNPERKS Incorporated (DBA Ozmo),no-phone
Pursuant Health,no-phone
"Serene Group, Inc.",no-name
Sugar & Snout Co.,no-phone
Franklin Sensors,no-name
KEWL-IT,no-website
"The Marble & Tile Group, LLC",no-name
BP Distributing,no-website
Venturi Inc,no-phone
"Aeromax, Inc.",no-name
Jupiter Machine Tool Inc.,no-name
Energy Access Innovations,no-website
Warehouse Craft Supplies,no-name
E & E Co. Ltd.,no-name
Seasons USA Inc,no-name
Big Potato Games USA Inc,foreign-only
"Captiva Spine, Inc.",no-name
Calsak Corporation,no-name
King Solomon Enterprises DBA KSE Suppliers,no-name
QStraint,no-name
Chene Gear,no-name
"Design Manufacture Distribution, LLC d/b/a Greater Goods, LLC",no-name
Totex Manufacturing,no-name
Santoki LLC,no-phone
GORILLA PAPER INC,no-name
"Mellin Works, LLA DBA EaZyHold",no-phone
"RJM Brands, LLC",no-name
"Johnson Medtech, LLC",no-name
Emporia Energy,no-name
StarChem USA,no-name
Westwin Elements,no-phone
Superacme Inc.,no-website
Nexatis Inc.,no-name
"Blanket Anchor Global, LLC",out-of-icp-size
"Gatco, Inc.",no-name
Jung Hwa USA Inc.,no-website
E. Besler & Co.,broker
Exist USA,no-name
In Spades LLC DBA FÜZI,no-name
Oros Consumer LLC,no-name
Composite Containers LLC,no-name
Job Supply Inc. d/b/a DairySky Inc.,no-name
"The Hatroom, Inc.",no-website
Lumient Corporation,no-name
Sculpted Earth USA LLC,no-name
Dekorators,no-website
Interchem Corp,no-name
Tokyo Grab HI LLC,no-name
John Ritzenthaler Company,no-name
H&C Industries,out-of-icp-size
"BodyTrace, Inc.",no-name
Moon Jewelry INC,individual
"Urban Armor Gear, LLC",no-name
Miki Sangyo,foreign-only
Lambertones Pickups,individual
"TMP Metals Group, LTD.",no-name
Tektronix Inc.,out-of-icp-size
"Skyworks Solutions, Inc.",out-of-icp-size
Greif Packaging,out-of-icp-size
Haas Automation Inc.,out-of-icp-size
Pandora,foreign-only
Vera Bradley Designs,out-of-icp-size
Natural Cork Council,not-importer
Deckorators Inc,out-of-icp-size
Hobo Bags,no-name
Cryogel,no-name
J&W Services and Equipment Company,no-website
Elala Distribution Corp.,no-website
ETG Trading Inc,no-website
"Easyflex Texas, Inc.",no-website
CSC Bearing North America,no-website
Bright Path Enterprises,no-website
CMS Sports Inc.,no-website
Photo Systems Inc,no-website
Gianno Co. Ltd.,no-website
Sonic Reference Laboratory,no-website
Bill Rawls LLC,no-website
Kamesh Venugopal,other:not-a-company
"Coastal Cocktails, Inc.",no-phone
"Kalmar USA, Inc.",out-of-icp-size
"BJ's Wholesale Club, Inc.",out-of-icp-size
A&N Essentials,no-website
HYDAC Corporation,out-of-icp-size
Michaels,out-of-icp-size
OIA Global,forwarder
"Capezio (Ballet Makers, Inc.)",no-name
Paletti USA,no-phone
"Crain Cutter Co., Inc.",no-phone
Backyard Living Source Inc.,no-website
Berne Apparel Company,no-name
The Better Meat Co.,no-phone
Toneleria Nacional USA Inc. dba TN Coopers,no-phone
GDLSK,law-firm
Alu Industries DBA: Caster Master,no-website
Jockey International Inc.,out-of-icp-size
LaCrosse Footwear Inc.,out-of-icp-size
"Raith America, Inc.",out-of-icp-size
"BHS Corrugated North America, Inc.",out-of-icp-size
Sculpted Earth USA LLC (dba Impact Sports Store),no-name
Maureen M. Sharma,other:malformed-input-data
Hooker Furnishings Corporation,out-of-icp-size
"Global Horticultural USA, Inc.",no-website
Franklin Electric,out-of-icp-size
Roxtec Inc.,out-of-icp-size
Innovations Unlimited LLC,no-website
Lunchskins,no-phone
"Hanwha Advanced Materials America, LLC.",out-of-icp-size
"Pretaa, Inc. (now Huml Health)",no-phone
"A.J. Arango, Inc.",broker
Seiko Watch of America LLC,out-of-icp-size
NCR Voyix,out-of-icp-size
Boise Cascade,out-of-icp-size
Worthington Cylinders,out-of-icp-size
"Phoenix Mecano, Inc.",out-of-icp-size
BWI Group,out-of-icp-size
Genscript USA Inc.,out-of-icp-size
Nature's Mark LLC,no-name
Autolin,no-website
"SPI West Port, Inc.",no-name
Energy Wise Solutions LLC,no-name
Dan Dee International,no-phone
Terrible 2's Solutions Inc.,no-name
Kenso Inc,out-of-icp-size
"Aceto U.S., LLC d/b/a Actylis",out-of-icp-size
String Protech LLC,no-name
Cascadia Resources Inc.,no-website
Donedrinks LLC,no-website
idX Corporation,no-website
Essex Finishing,no-website
Boston Intelligent Robotics Tech Corp,no-website
"Good Life, Inc.",no-website
PTS Diagnostics,no-name
J&J Global LLC,no-website
"Anker Play Products, LLC",out-of-icp-size
Aurum Trading Inc,no-website
"Pets+People Consumer Products, LLC",no-website
"Right2Buy, Inc.",no-name
Industrial Equipment and Solutions of Florida LLC,no-website
Multi Glory USA Corporation,foreign-only
Amuza Inc.,no-name
"Nomad Goods, Inc.",no-phone
Forever Pets Inc.,no-name
Senior Operations LLC,out-of-icp-size
CaptionCall LLC,out-of-icp-size
"Current Media Group, LLC",out-of-icp-size
Helmut Lang New York LLC,foreign-only
Adentra Imports,out-of-icp-size
Arlington Designs LLC,no-website
Great Way Trading & Transportation Inc.,other:trading-intermediary
"E.Dye Americas, Inc.",foreign-only
"Spigen, Inc.",out-of-icp-size
"Inalfa Roof Systems, Inc.",out-of-icp-size
Veyer LLC,out-of-icp-size
Potato Spot LLC,out-of-icp-size
Bray International Inc.,out-of-icp-size
SuperMoon LLC,no-website
UCX Flooring,no-website
Sparrow Knife Co.,individual
"Craig Bachman Imports, Inc.",no-name
"DoubleDay Acquisitions, LLC dba CSafe",out-of-icp-size
Veyer Logistics,out-of-icp-size
"Boolabox, Inc.",no-name
Aquastar Inc. DBA Concept Manufacturing,no-name
Tomy International,out-of-icp-size
"KidsWeGo, Inc.",no-website
Spice World Ventures Inc.,other:pre-revenue-startup
2455 Palmway Circle,other:invalid-company-name
"Arkade, Inc.",no-website
Daiso USA LLC,out-of-icp-size
Lifely Inc,no-name
Khong Guan Corporation,no-name
M-PACT Solutions LLC,no-website
Foot Care Store Inc.,no-name
Millennia Stainless Inc.,out-of-icp-size
"Millennial Medical Equipment, LLC",no-name
"Great Bay Trading, Inc.",no-website
Down Home Manufacturing LLC,no-name
Zig Zag Inc,no-name
Radio Flyer Inc.,out-of-icp-size
Manhattan Line,no-phone
"Polder Products, LLC",no-phone
Brilliant Group Inc.,no-website
STE Partners,no-website
Faith over CP,individual
"Steeldeco USA, LLC",no-website
"Belluscura, LLC",out-of-icp-size
Orchard Yarn and Thread Co DBA Lion Brand Yarn,no-name
"Mellin Works, LLC DBA EaZyHold",no-phone
"E&E Co., Ltd dba JLA",no-website
Jiaherb Incorporated,no-website
"Sun-Wa Technos America, Inc.",out-of-icp-size
JOFRAN Sales Inc.,no-name
Plasticos Promex DBA Quantum Plastics,no-website
"ChrisRadpourMD, LLC",individual
Mullally International Inc,no-website
"CTS Automotive Co., LTD.",no-website
R L Swearer Company Inc.,broker
8LP LP,no-website
Precision Revolution Mfg.,no-name
Almatis Incorporated,out-of-icp-size
"eSpecial Needs, LLC",other:site-blocked
Security Equipment Corporation,out-of-icp-size
Jasco Product Company,out-of-icp-size
Columbia Products,no-website
OFS,out-of-icp-size
Vaughan Inc,no-website
Choovio Inc.,no-website
"KSF Property Management, Inc",not-importer
All Strong,other:site-blocked
"Leupold & Stevens, Inc",no-name
"Epic Flooring, Inc.",no-website
Heather Hanson Designs,other:pre-launch-not-operating
Arioss LLC,no-website
Boondocks West LLC,no-website
Globalliv LLC,no-name
"Flexsteel Industries, Inc.",out-of-icp-size
Sharretts Paley Carter & Blauvelt P.C.,law-firm
ChampionX,out-of-icp-size
Amway,out-of-icp-size
Linde Engineering Americas,out-of-icp-size
"Mobis Parts America, LLC",out-of-icp-size
NEVR LOOZ,individual
"Magic Novelty Co., Inc.",no-name
Newbridge International Inc.,no-website
Betensh Corporation Inc.,no-website
Global Chemicals Corporation,no-name
ChemGulf LLC,no-name
Angst and Pfister North America Inc.,foreign-only
Mammotion Technology LLC,no-name
"Walker Light, LLC",no-name
Test Rite Products Corporation,out-of-icp-size
Koreyo International Corp.,no-website
Newport Metals LLC,no-phone
Rain Eight Sourcing LLC,broker
"Latham Companies, LLC",no-website
Pan American Automotive Parts Trading LLC,no-website
Thinkbug LLC,no-website
iHealth Labs,out-of-icp-size
"Everlast Industries, LLC.",no-website
Electronic Controls Company,out-of-icp-size
San Pacific International Inc.,no-website
Polymerals Inc.,foreign-only
"Trans-Border Global Freight Systems, Inc.",forwarder
G.B.T. Inc. (Gigabyte USA),out-of-icp-size
C & J Clarks Americas Inc,out-of-icp-size
"Cetus Joy, LLC dba One, Two, Celebrate!",out-of-icp-size
"NEEMCCO USA, LLC",foreign-only
Sprout And Sprocket,no-phone
"Analog Devices, Inc.",out-of-icp-size
HLS,no-website
John Xie,other:malformed-data-unverifiable
"Big Agnes, Inc",no-name
AM Conservation,no-name
Samoa Corporation,no-website
"Upsher-Smith Laboratories, LLC",foreign-only
NMB Technologies Corporation,out-of-icp-size
Hisense USA Corporation,out-of-icp-size
Sheltered International,no-website
"NSE Products, Inc.",out-of-icp-size
"Beauty Industry Group Opco, LLC",out-of-icp-size
Tank Holding Corp,out-of-icp-size
Invinity Energy Systems,foreign-only
Ron Goldman,other:data-error
Shima American Corporation,foreign-only
"Novast Laboratories, Inc.",other:site-unreachable
Hinlab inc,no-phone
The Gleason Works,out-of-icp-size
Base Brands (Reduce),no-name
"WeOxy Co., LTD",no-name
Siddhi Jewels,no-name
Movably Inc.,out-of-icp-size
140 Riverside Drive,individual
Crane Company,out-of-icp-size
"C.H. Robinson International, Inc.",forwarder
"QVC Group, Inc.",out-of-icp-size
"PRS Medical Technologies, Inc.",no-name
TDI Worldwide LLC,no-name
"Sugartown Worldwide, LLC dba Lilly Pulitzer",out-of-icp-size
"Best Lighting Products, Inc.",no-name
Hans-Mill Corporation,no-name
Radio Systems Corporation dba PetSafe Brands,out-of-icp-size
Resonac America Incorporated,out-of-icp-size
"Herbalife International of America, Inc.",out-of-icp-size
"Design International Group, Inc.",no-website
Marubeni America Corporation,out-of-icp-size
New Horizon Enterprises Ltd.,no-name
"Southeast Sourcing, LLC",no-website
"M.Z. Berger & Co., Inc.",no-name
"CKAN, LLC",no-name
Plasmapp America Inc.,no-phone
Global Component Solution LLC,other:site-unreachable
"Spreetail, LLC",out-of-icp-size
Airdrop Gaming LLC,no-phone
"Artabee, LLC",no-name
"Eros Hosiery Co. of Delaware Valley, Inc.",no-name
"World Exchange, Inc.",broker
Lanitis & Associates Inc.,no-website
identifyHer Inc.,no-phone
XINTIAN Auto Parts LLC,no-website
"GHF Greendale Home Fashions, LLC",no-phone
"Barnes & Noble, Inc.",out-of-icp-size
"First Class Cargo Systems, LTD.",broker
Oscar Chandler Yarns LLC,no-website
Victory Climate Systems LLC,no-name
Hadasa Dance Shop,individual
"Indo Count Global, Inc.",out-of-icp-size
Black Sheep Custom Tackle,no-phone
"Melo Co., Inc",no-website
Faraday Future,out-of-icp-size
Jasco Products Company,no-name
NuCare LLC,no-phone
The William Carter Company,out-of-icp-size
"Core Mobility Solutions, Inc.",no-website
Dar-ul-ilm Foundation,not-importer
"Gunster, Yoakley & Stewart, P.A.",law-firm
Assembled Products Corporation,no-name
Kiwa PVEL,not-importer
STERIS,out-of-icp-size
KOS,no-website
Nurse Assist LLC,no-name
Marry NY Logistics Inc.,forwarder
"GalleriaYou, LLC",individual
"SeaPal International, Inc.",no-website
Chogori Technologies Inc,foreign-only
Mayflower Auto Equipments Inc,no-name
Continental Agency Inc.,broker
HTI Technology and Industries LLC,no-name
Michigan Wholesale Bazar LLC,no-website
Kunjek Industry,no-website
Princess House,no-name
"Avanos Medical Sales, LLC",out-of-icp-size
Antonella Gaudio,individual
Strader Ferris International,broker
Fashionable INC,no-name
"SureFit Parts, LLC",no-website
Kimball International,out-of-icp-size
Lt Apparel Group,no-website
ALU Industries LLC,no-website
Blue Q,no-phone
The Children’s Place,out-of-icp-size
"North American Trade, LLC",no-website
"Applicator International, LLC",no-website
Field Fastener,no-name
RB Medtrade LLC,no-website
PillowFlow LLC,no-phone
Paradigm Evergreen Inc,no-website
"Franco Manufacturing Co., Inc.",no-name
William Sonoma Inc,out-of-icp-size
Metron Bios LLC,out-of-icp-size
"Pyro Productions, Inc.",not-importer
"D. Smith Associates, Inc.",other:manufacturer-sales-rep-not-importer
"Keysight Technologies, Inc.",out-of-icp-size
Sri Saibaba Temple of Greater Cincinnati,not-importer
Wuensche USA,out-of-icp-size
Jupiter,no-website
Arakawa Chemical USA Inc.,out-of-icp-size
"Koppe & Co. / Koppes Kandles, Inc.",no-phone
AFC Industries,no-name
"Iofina Chemical, Inc",no-name
Wisemettac Asian Foods Inc.,other:site-unreachable
Ride Aventon Inc.,no-name
Farda LLC,other:site-unreachable
"Oak & Mie USA, Inc.",no-phone
73 Innovations LLC,no-website
Jones Day,law-firm
Kendra Scott LLC,out-of-icp-size
The Swatch Group (U.S.) Inc. Renata Batteries,out-of-icp-size
"Workwear Outfitters, LLC",out-of-icp-size
W.L. Gore & Associates,out-of-icp-size
"Resonac America, Inc.",out-of-icp-size
Autophox LLC,out-of-icp-size
Mateside Global US Inc.,out-of-icp-size
Big Tree Sales Inc.,no-name
JLA Home,out-of-icp-size
Smoldyr LLC,no-phone
"Our Next Energy, Inc.",no-phone
"Wayla Co., LLC",no-website
DEAFWORKS,no-name
"Time Touch Take, LLC",no-name
"Rotaloc International, LLC",no-name
Kalarune LLC,individual
Community Products LLC,no-website
Cycle Importers,no-website
"Orbit Irrigation Products, LLC",no-name
Navia USA LLC,no-website
"SG Seattle Glove, Inc.",no-website
"CBOCS Distribution, Inc",out-of-icp-size
"OOLY, LLC.",no-name
KnitWell Group,out-of-icp-size
Creation Technologies Washington LLC,out-of-icp-size
Frito-Lay,out-of-icp-size
Jakks Pacific Inc.,out-of-icp-size
Breville USA,foreign-only
Access Business Group International,out-of-icp-size
Kulicke and Soffa Industries Incorporated,out-of-icp-size
ASICS America Corp,foreign-only
DT & J Inc dba Roll-A-Ramp,no-name
"The Kingsland Shoe Project, LLC",individual
Lightspeed Aviation,other:site-inaccessible-cloudflare-blocked-could-not-verify-name-or-phone
Longene Limited,foreign-only
TOMS Shoes LLC,no-phone
JRB Plumbing and Rooter,not-importer
Johnny Was LLC,no-name
"Cornerstone Textile, Inc.",no-website
Fridababy LLC,no-phone
1130 Group,no-name
Marc Fisher Footwear,other:site-inaccessible-could-not-verify-name-or-phone
Can-It Targets,no-website
Custom Type One,no-website
Paxfeld LLC,no-website
BeerMe LLC,no-website
Bioneer Inc.,no-website
Digging4Gems,no-website
"Supreme International, LLC",out-of-icp-size
"Half Price Books, Records, Magazines, Inc.",out-of-icp-size
"Jojo Designs, LLC",no-website
Lindblad Expeditions,not-importer
Wacoal America Inc.,out-of-icp-size
Metro Fibernet LLC,not-importer
Traxys North America LLC,out-of-icp-size
Theory LLC,out-of-icp-size
"Herbalife Int'l of America, Inc.",out-of-icp-size
Diodes Incorporated,out-of-icp-size
Lifetime Products Inc.,out-of-icp-size
Neobotics Foundation Inc,not-importer
ExxonMobil Product Solutions Company,out-of-icp-size
A. Renovations International LLC,no-website
Advanced Magnet Source Corp.,no-website
Pets Pacifica Incorporated,no-website
Nirav Ingredients,out-of-icp-size
VitaBio Innovations,no-name
Shiny Young Corporation,no-website
Perfect Aire LLC,no-website
Berkshire Blanket,no-phone
"Prismatik Dentalcraft, Inc.",no-website
The Forgotten Corner LLC,no-website
The Pack America Corporation.,no-website
"Engineering Specialties, Inc.",no-website
INKI LLC,no-website
Olympia Tools International Inc.,no-name
Barkan Mounts Ltd.,no-website
Professional Plumbing Group Inc.,no-name
"Derian Enterprises, Inc.",no-website
Aqqcess International LLC,individual
The Leafinator LLC,individual
US Farathane LLC,out-of-icp-size
"GreatStar Industrial USA, LLC",foreign-only
NSK,foreign-only
"Encube Ethicals, Inc.",foreign-only
TE Connectivity Corporation,out-of-icp-size
HC Forklift America Corporation,foreign-only
Gudsen Technology USA Inc.,no-name
Insfoil Global LLC,no-name
Sign Depot,no-name
Dymmoy,individual
Zigong International Marketing LLC,no-name
East West Trading and Consulting LLC,broker
"The Jewelry Group, Inc.",no-name
Allied International,no-name
Blue Sky,no-name
Carmichael International Service,broker
"Blue Sky Foods, Inc. dba ASA Trading Company",no-name
N-Tech Fabric Supply Inc.,no-name
NVC Sales America Inc.,no-name
Better Sourcing Worlwide LLC,broker
Viona Pharmaceuticals Inc,out-of-icp-size (prefilter: large/pharma/foreign parent)
RH,out-of-icp-size (prefilter: large/pharma/foreign parent)
PharmaEssentia USA Corporation,out-of-icp-size (prefilter: large/pharma/foreign parent)
Reynolds Consumer Products,out-of-icp-size (prefilter: large/pharma/foreign parent)
"Ashley Furniture Industries, Inc.",out-of-icp-size (prefilter: large/pharma/foreign parent)
Zydus Pharmaceuticals USA Inc.,out-of-icp-size (prefilter: large/pharma/foreign parent)
Biohaven Pharmaceuticals Inc.,out-of-icp-size (prefilter: large/pharma/foreign parent)
"Conair, LLC",out-of-icp-size (prefilter: large/pharma/foreign parent)
Epic Pharma LLC,out-of-icp-size (prefilter: large/pharma/foreign parent)
Patagonia,out-of-icp-size (prefilter: large/pharma/foreign parent)
Dick's Sporting Goods,out-of-icp-size (prefilter: large/pharma/foreign parent)
J. Crew Group,out-of-icp-size (prefilter: large/pharma/foreign parent)
"Michaels Stores Procurement Company, Inc.",out-of-icp-size (prefilter: large/pharma/foreign parent)
Granules Pharmaceuticals Inc.,out-of-icp-size (prefilter: large/pharma/foreign parent)
Talbots Import LLC,out-of-icp-size (prefilter: large/pharma/foreign parent)
Burlington Coat Factory Warehouse Corporation,out-of-icp-size (prefilter: large/pharma/foreign parent)
"The Purple Cow America, Inc.",out-of-icp-size (prefilter: large/pharma/foreign parent)
Bunzl Retail Services,out-of-icp-size (prefilter: large/pharma/foreign parent)
Hobby Lobby Stores,out-of-icp-size (prefilter: large/pharma/foreign parent)
Ashland Incorporated,out-of-icp-size (prefilter: large/pharma/foreign parent)
Hampton Pharma LLC,out-of-icp-size (prefilter: large/pharma/foreign parent)
"Iovance Biotherapeutics, Inc.",out-of-icp-size (prefilter: large/pharma/foreign parent)
Hobby Lobby,out-of-icp-size (prefilter: large/pharma/foreign parent)
Zhejiang Ruitai Suspension System Technology Ltd.,out-of-icp-size (prefilter: large/pharma/foreign parent)
Denali Therapeutics,out-of-icp-size (prefilter: large/pharma/foreign parent)
Hyundai Motor America,out-of-icp-size (prefilter: large/pharma/foreign parent)
iRobot Corporation,out-of-icp-size (prefilter: large/pharma/foreign parent)
Uniqlo USA LLC,out-of-icp-size (prefilter: large/pharma/foreign parent)
Light Spectrum Enterprises Inc,out-of-icp-size (prefilter: large/pharma/foreign parent)
JCPenney,out-of-icp-size (prefilter: large/pharma/foreign parent)
Iterum Therapeutics,out-of-icp-size (prefilter: large/pharma/foreign parent)
Goldensol Music LLC,out-of-icp-size (prefilter: large/pharma/foreign parent)
Hottinger Bruel & Kjear Inc,out-of-icp-size (prefilter: large/pharma/foreign parent)
"Hyundai Transys Georgia Powertrain, Inc",out-of-icp-size (prefilter: large/pharma/foreign parent)
Mitsubishi Logistics,out-of-icp-size (prefilter: large/pharma/foreign parent)
