Company,City/State,Phone,Segment,Est Refund Tier,Contact Name,Title,Email,Disposition,Callback Date/Time,Notes,Caller,Call Date
"Elemind Technologies, Inc.","Cambridge, MA",(508) 281-9943,CAPE-IEEPA,unconfirmed,Meredith Perry,Co-Founder + CEO,,New,,"Import signal: country of origin, sleep headbands, ruling 2024-12-12 (CBP ruling N344252; origin Malaysia (PCBAs) / China (assembly)). Call main line (508) 281-9943 and ask for Meredith Perry (Co-Founder + CEO). Evidence: https://rulings.cbp.gov/ruling/N344252 ; contact: https://elemindtech.com/pages/about-us ; phone: https://www.bbb.org/us/ma/cambridge/profile/home-electronics/elemind-technologies-inc-0021-568236",,
US Pharmtech Inc.,"Torrance, CA",(310) 219-6003,CAPE-IEEPA,unconfirmed,Dong Lee,CEO,,New,,"Import signal: China, Crude Anchovy Oil, 1504.20.6040, ruling 2024-12-10 (CBP ruling N343991; origin China). Call main line (310) 219-6003 and ask for Dong Lee (CEO). Evidence: https://rulings.cbp.gov/ruling/N343991 ; contact: https://www.bbb.org/us/ca/torrance/profile/producers/us-pharmatech-inc-1216-1295695",,
Group III Inc.,"Pompano Beach, FL",(954) 984-1607,CAPE-IEEPA,unconfirmed,Michael T. Pulichino,President,,New,,"Import signal: China, five backpacks, 4202.92.3120, ruling 2024-11-21 (CBP ruling N343667; origin China). Call main line (954) 984-1607 and ask for Michael T. Pulichino (President). Evidence: https://rulings.cbp.gov/ruling/N343667 ; contact: https://www.bbb.org/us/fl/pompano-beach/profile/luggage/group-iii-international-inc-0633-23006357",,
"OIC Products, LLC","Allen, TX",(877) 359-0115,CAPE-IEEPA,unconfirmed,Jeffery J. Kacines,Managing Member,,New,,"Import signal: China, metal wreath hanger, 8302.50.0000, ruling 2024-11-12 (CBP ruling N343522; origin China). Call main line (877) 359-0115 and ask for Jeffery J. Kacines (Managing Member). Evidence: https://rulings.cbp.gov/ruling/N343522 ; contact: https://www.bbb.org/us/tx/allen/profile/home-decor/haute-decor-0875-90946559",,
Bird Electronic Corporation,"Solon, OH",(440) 248-1200,CAPE-IEEPA,unconfirmed,Michael Simpson,President & CEO,,New,,"Import signal: country of origin, handheld cable and antenna analyzers, ruling 2024-10-02 (CBP ruling N342626; origin Malaysia). Call main line (440) 248-1200 and ask for Michael Simpson (President & CEO). Evidence: https://rulings.cbp.gov/ruling/N342626 ; contact: https://birdrf.com/about/leadership ; phone: https://birdrf.com/contact-us/",,
Effy & Co.,"New York, NY",(212) 730-8887,CAPE-IEEPA,unconfirmed,Bobby Hematian,President,,New,,"Import signal: China/import origin, gold diamond gemstone ring, 7113.19.5090, ruling 2025-03-24 (CBP ruling N346349; origin China (setting) / India (stones)). Call main line (212) 730-8887 and ask for Bobby Hematian (President). Evidence: https://rulings.cbp.gov/ruling/N346349 ; contact: https://www.bbb.org/us/ny/new-york/profile/jewelry-stores/effy-jewelry-0121-90718",,
Sprint Ray Inc.,"Los Angeles, CA",(800) 914-8004,CAPE-IEEPA,unconfirmed,Amir Mansouri,Co-Founder and CEO,,New,,"Import signal: country of origin, NanoCure dental 3D-print resin, ruling 2025-02-12 (CBP ruling N345397; origin China). Call main line (800) 914-8004 and ask for Amir Mansouri (Co-Founder and CEO). Evidence: https://rulings.cbp.gov/ruling/N345397 ; contact: https://sprintray.com/company/ ; phone: https://sprintray.com/contact/",,
"Univenture, Inc.","Marysville, OH",(937) 645-4600,CAPE-IEEPA,unconfirmed,Michele Cole,President,,New,,"Import signal: China, media storage sleeves, 3926.90.9989, ruling 2025-02-11 (CBP ruling N345224; origin China; ruling lists IEEPA 9903.01.xx duty). Call main line (937) 645-4600 and ask for Michele Cole (President). Evidence: https://rulings.cbp.gov/ruling/N345224 ; contact: https://www.bbb.org/us/oh/marysville/profile/packaging-design-and-development/univenture-inc-0302-51001832",,
VIR Ventures Incorporated,"Houston, TX",(281) 738-1180,CAPE-IEEPA,unconfirmed,Rupesh Sanghavi,President,,New,,"Import signal: China, children's soccer shoes, 6402.19.1561, ruling 2025-02-03 (CBP ruling N344978; origin China). Call main line (281) 738-1180 and ask for Rupesh Sanghavi (President). Evidence: https://rulings.cbp.gov/ruling/N344978 ; contact: https://www.bbb.org/us/tx/houston/profile/online-retailer/virventrues-inc-0915-90063753",,
"Power Stop, LLC","Bedford Park, IL",(888) 863-4415,CAPE-IEEPA,unconfirmed,Arvin Scott,Chief Operating Officer,,New,,"Import signal: multiple countries, automotive brake components, 8708.30.5030, ruling 2025-01-03 (CBP ruling N344539; origin China, Vietnam, Taiwan, India (brake kit components)). Call main line (888) 863-4415 and ask for Arvin Scott (Chief Operating Officer). Evidence: https://rulings.cbp.gov/ruling/N344539 ; contact: https://www.bbb.org/us/il/bedford-park/profile/brake-service/power-stop-llc-0654-88366351",,
Kent International Inc.,"Fairfield, NJ",(973) 434-8181,CAPE-IEEPA,unconfirmed,Arnold B. Kamler,President,,New,,"Import signal: Malaysia, Completely Knocked Down bicycles, ruling 2024-12-30 (CBP ruling N344425; origin Malaysia). Call main line (973) 434-8181 and ask for Arnold B. Kamler (President). Evidence: https://rulings.cbp.gov/ruling/N344425 ; contact: https://www.bbb.org/us/nj/fairfield/profile/wholesale-bikes/kent-international-inc-0221-3000825",,
Gabriel & Co.,"New York, NY",(212) 519-1400,CAPE-IEEPA,unconfirmed,Jack Gabriel,CEO,,New,,"Import signal: China, jewelry country of origin/classification, 9802.00.5060, 2025-05-06 (CBP ruling N347703; origin China / Thailand / India (processing of U.S. castings)). Call main line (212) 519-1400 and ask for Jack Gabriel (CEO). Evidence: https://rulings.cbp.gov/ruling/N347703 ; contact: https://www.bbb.org/us/ny/new-york/profile/jewelry-stores/gabriel-co-0121-67653",,
Specified Components Co.,"Gurnee, IL",(847) 625-1600,CAPE-IEEPA,unconfirmed,Tim Dunn,Owner,,New,,"Import signal: Malaysia, drying racks, 4420.90.8000, 2025-04-24 (CBP ruling N347489; origin Malaysia; ruling lists IEEPA 9903.01.xx duty). Call main line (847) 625-1600 and ask for Tim Dunn (Owner). Evidence: https://rulings.cbp.gov/ruling/N347489 ; contact: https://www.bbb.org/us/il/gurnee/profile/cabinet-supplies/specified-components-company-0654-88393353",,
"Encom Polymers, Inc.","Evansville, IN",(812) 421-7700,CAPE-IEEPA,unconfirmed,Richard Kaskel,President,,New,,"Import signal: China, steel racks with forklift slots, 7326.90.8688, 2025-04-02 (CBP ruling N346851; origin China; ruling lists IEEPA 9903.01.xx duty). Call main line (812) 421-7700 and ask for Richard Kaskel (President). Evidence: https://rulings.cbp.gov/ruling/N346851 ; contact: https://www.bbb.org/us/in/evansville/profile/wholesale-plastic-products/encom-polymers-inc-0482-90018524",,
"Implus Footcare, LLC","Durham, NC",(919) 544-7900,CAPE-IEEPA,unconfirmed,Sam Prestipino,Chief Operating Officer,,New,,"Import signal: China, Vietnam, Korea, traction overshoes, HTS 6402.99.3165, ruling 2025-06-26 (CBP ruling N349762; origin China; ruling lists IEEPA 9903.01.xx duty). Call main line (919) 544-7900 and ask for Sam Prestipino (Chief Operating Officer). Evidence: https://rulings.cbp.gov/ruling/N349762 ; contact: https://www.bbb.org/us/nc/durham/profile/wholesale-shoes/implus-footcare-llc-0593-16927",,
"Keto-Check, Inc.","Napa, CA",(800) 513-1965,CAPE-IEEPA,unconfirmed,Dorian Greenow,Founder/CEO,,New,,"Import signal: China, Virta GK System and components, HTS 4202.92.9100, ruling 2025-06-20 (CBP ruling N349230; origin China). Call main line (800) 513-1965 and ask for Dorian Greenow (Founder/CEO). Evidence: https://rulings.cbp.gov/ruling/N349230 ; contact: https://www.bbb.org/us/ca/napa/profile/health-monitor/keto-mojo-1116-926969",,
The Body Firm LLC,"El Segundo, CA",(310) 581-6250,CAPE-IEEPA,unconfirmed,Richard F. Odum,CEO,,New,,"Import signal: China, skin revitalizing tool, HTS 9019.10.2020, ruling 2025-06-13 (CBP ruling N349127; origin China; ruling lists IEEPA 9903.01.xx duty). Call main line (310) 581-6250 and ask for Richard F. Odum (CEO). Evidence: https://rulings.cbp.gov/ruling/N349127 ; contact: https://www.bbb.org/us/ca/el-segundo/profile/skin-care/crepe-erase-1216-1000026223",,
Clarity Products LLC,"Chattanooga, TN",(423) 629-3500,CAPE-IEEPA,unconfirmed,Seymour VandenBergh,President,,New,,"Import signal: China, amplified telephone, HTS 8517.11.0000, ruling 2025-06-11 (CBP ruling N348953; origin China; ruling lists IEEPA 9903.01.xx duty). Call main line (423) 629-3500 and ask for Seymour VandenBergh (President). Evidence: https://rulings.cbp.gov/ruling/N348953 ; contact: https://www.bbb.org/us/tn/chattanooga/profile/telephone-system-dealers/clarity-products-llc-0483-40002725",,
Kreg Tool Company,"Huxley, IA",(888) 447-8638,CAPE-IEEPA,unconfirmed,Todd Sommerfeld,CEO,,New,,"Import signal: China, cabinet hardware jig, HTS 8466.10.0175, ruling 2025-06-10 (CBP ruling N349832; origin China; ruling lists IEEPA 9903.01.xx duty). Call main line (888) 447-8638 and ask for Todd Sommerfeld (CEO). Evidence: https://rulings.cbp.gov/ruling/N349832 ; contact: https://www.bbb.org/us/ia/huxley/profile/machine-tools/kreg-enterprises-inc-0664-32060483",,
Pressure Connections Corp.,"Columbus, OH",(614) 863-6930,CAPE-IEEPA,unconfirmed,Greg Rich,President,,New,,"Import signal: South Korea, hydraulic hose fitting, HTS 8412.90.9015, ruling 2025-05-23 (CBP ruling N348636; origin South Korea; ruling lists IEEPA 9903.01.xx duty). Call main line (614) 863-6930 and ask for Greg Rich (President). Evidence: https://rulings.cbp.gov/ruling/N348636 ; contact: https://www.bbb.org/us/oh/columbus/profile/hose-couplings/pressure-connections-corp-0302-6005128",,
R.G. Barry Corporation.,"Pickerington, OH",(614) 864-6400,CAPE-IEEPA,unconfirmed,Robert Mullaney,CEO/President,,New,,"Import signal: country of origin, indoor footwear, HTS 6404.19.3760, ruling 2025-05-23 (CBP ruling N348343; origin Vietnam; ruling lists IEEPA 9903.01.xx duty). Call main line (614) 864-6400 and ask for Robert Mullaney (CEO/President). Evidence: https://rulings.cbp.gov/ruling/N348343 ; contact: https://www.bbb.org/us/oh/pickerington/profile/wholesale-slippers/rg-barry-corporation-0302-20000085",,
"AgaMatrix, Inc.","Salem, NH",(866) 906-4197,CAPE-IEEPA,unconfirmed,John Alberico,President,,New,,Import signal: Blood glucose monitoring systems from Vietnam; ruling 2025-07-22 (CBP ruling N350831; origin Vietnam; ruling lists IEEPA 9903.01.xx duty). Call main line (866) 906-4197 and ask for John Alberico (President). Evidence: https://rulings.cbp.gov/ruling/N350831 ; contact: https://www.bbb.org/us/nh/salem/profile/medical-equipment/agamatrix-inc-0051-92028626,,
"HTI Technology & Industries, Inc.","La Vergne, TN",(731) 249-5625,CAPE-IEEPA,unconfirmed,Ling Dong,President,,New,,Import signal: Country of origin and marking of a mode shift actuator for top-loading washing machines; ruling 2025-07-14 (CBP ruling N350285; origin China). Call main line (731) 249-5625 and ask for Ling Dong (President). Evidence: https://rulings.cbp.gov/ruling/N350285 ; contact: https://www.bbb.org/us/tn/la-vergne/profile/electric-motor-distributor/hti-technology-industries-0573-37310813,,
Premium Guard Inc.,"New York, NY",(212) 344-2200,CAPE-IEEPA,unconfirmed,Anan Bishara,CEO,,New,,"Import signal: cabin air filter, country of origin ruling, 2025-09-19 (CBP ruling N353148; origin China). Call main line (212) 344-2200 and ask for Anan Bishara (CEO). Evidence: https://rulings.cbp.gov/ruling/N353148 ; contact: https://www.bbb.org/us/ny/new-york/profile/air-filters/premium-guard-inc-0121-159656",,
"RJ Equipment, Inc.","Largo, FL",(888) 651-0187,CAPE-IEEPA,unconfirmed,Rodney Johnson,President,,New,,"Import signal: hydraulic hammers from South Korea, HTS 8430.69.0100, 2025-09-12 (CBP ruling N353111; origin South Korea). Call main line (888) 651-0187 and ask for Rodney Johnson (President). Evidence: https://rulings.cbp.gov/ruling/N353111 ; contact: https://www.bbb.org/us/fl/largo/profile/construction-equipment/rjb-hydraulic-hammers-0653-90045972",,
Down-Lite International Inc.,"Mason, OH",(833) 349-0999,CAPE-IEEPA,unconfirmed,Joe Crawford,CEO,,New,,"Import signal: comforters and pillows, USMCA eligibility, HTS 9404.40.9005, 2025-08-25 (CBP ruling N351920; origin China; ruling lists IEEPA 9903.01.xx duty). Call main line (833) 349-0999 and ask for Joe Crawford (CEO). Evidence: https://rulings.cbp.gov/ruling/N351920 ; contact: https://www.bbb.org/us/oh/mason/profile/bedding/downlite-0292-11258",,
"Coterie Baby, Inc","New York, NY",(212) 470-0991,CAPE-IEEPA,unconfirmed,Frank Yu,CEO,,New,,"Import signal: Baby Wipes, country of origin ruling, 2025-08-12 (CBP ruling N351552; origin Korea). Call main line (212) 470-0991 and ask for Frank Yu (CEO). Evidence: https://rulings.cbp.gov/ruling/N351552 ; contact: https://www.bbb.org/us/ny/new-york/profile/online-retailer/coterie-baby-inc-0121-87147161",,
"Youth Crews, Inc.","Denver, CO",(970) 478-8141,CAPE-IEEPA,unconfirmed,Brady Crandall,Founder,,New,,"Import signal: China, youth disposable diapers, HTS 9619.00.1100, ruling 2025-10-29 (CBP ruling N354609; origin China; ruling lists IEEPA 9903.01.xx duty). Call main line (970) 478-8141 and ask for Brady Crandall (Founder). Evidence: https://rulings.cbp.gov/ruling/N354609 ; contact: https://youthcrews.com/pages/company ; phone: https://youthcrews.com/pages/contact",,
"Permco, Inc.","Streetsboro, OH",(330) 626-2801,CAPE-IEEPA,unconfirmed,Karen Slayko,Controller,,New,,"Import signal: country of origin of a gear pump, ruling 2025-10-22 (CBP ruling N354559; origin China). Call main line (330) 626-2801 and ask for Karen Slayko (Controller). Evidence: https://rulings.cbp.gov/ruling/N354559 ; contact: https://www.bbb.org/us/oh/streetsboro/profile/wholesale-pumps/permco-inc-0272-35000174",,
"E-Z Up, Inc.","Norco, CA",(800) 457-4233,CAPE-IEEPA,unconfirmed,Rob Kass,CEO,,New,,"Import signal: tariff classification, country of origin, marking of pop-up tents, ruling 2025-10-15 (CBP ruling N353930; origin South Korea). Call main line (800) 457-4233 and ask for Rob Kass (CEO). Evidence: https://rulings.cbp.gov/ruling/N353930 ; contact: https://www.bbb.org/us/ca/norco/profile/tents/e-z-up-1126-1000170963",,
"Nexgrill Industries, Inc.","Chino, CA",(800) 913-8999,CAPE-IEEPA,unconfirmed,Andries F De Beer,CEO,,New,,"Import signal: country of origin of propane gas island grills, ruling 2025-10-17 (CBP ruling N354448; origin Indonesia). Call main line (800) 913-8999 and ask for Andries F De Beer (CEO). Evidence: https://rulings.cbp.gov/ruling/N354448 ; contact: https://www.bbb.org/us/ca/chino/profile/outdoor-furniture/nexgrill-industries-1126-13204993",,
Select Engineering Inc,"Fitchburg, MA",(978) 337-7535,CAPE-IEEPA,unconfirmed,Davud Rainville,Owner,,New,,"Import signal: country of origin of electrocardiograph electrodes, ruling 2025-10-10 (CBP ruling N353573; origin India). Call main line (978) 337-7535 and ask for Davud Rainville (Owner). Evidence: https://rulings.cbp.gov/ruling/N353573 ; contact: https://www.bbb.org/us/ma/fitchburg/profile/engineering/select-engineering-inc-0261-324885",,
Adams Magnetic Products Co.,"Elmhurst, IL",(630) 617-8880,CAPE-IEEPA,unconfirmed,Robert Splitt,"Director, Operations",,New,,"Import signal: tariff classification of magnetic calendars from China, ruling 2025-09-30 (CBP ruling N353456; origin China; ruling lists IEEPA 9903.01.xx duty). Call main line (630) 617-8880 and ask for Robert Splitt (Director, Operations). Evidence: https://rulings.cbp.gov/ruling/N353456 ; contact: https://www.bbb.org/us/il/elmhurst/profile/flexible-metal-tubing/adams-magnetic-products-co-0654-1000124040",,
Ergomotion Inc.,"Santa Barbara, CA",(888) 550-3746,CAPE-IEEPA,unconfirmed,Gui Peres,CEO,,New,,"Import signal: tariff classification and country of origin of wooden furniture, ruling 2025-09-24 (CBP ruling N352851; origin China). Call main line (888) 550-3746 and ask for Gui Peres (CEO). Evidence: https://rulings.cbp.gov/ruling/N352851 ; contact: https://www.bbb.org/us/ca/santa-barbara/profile/bed-sales/ergomotion-inc-1236-92012128",,
"Wink Motors, Inc.","New York, NY",(646) 465-0045,CAPE-IEEPA,unconfirmed,Mark Dweck,CEO,,New,,"Import signal: China, electric vehicle bodies, HTS 8707.10.0020, ruling 2025-12-09 (CBP ruling N356002; origin China; ruling lists IEEPA 9903.01.xx duty). Call main line (646) 465-0045 and ask for Mark Dweck (CEO). Evidence: https://rulings.cbp.gov/ruling/N356002 ; contact: https://vpic.nhtsa.dot.gov/mid/manufacturer/details/23434",,
Kid's Preferred LLC,"East Windsor, NJ",(866) 763-8869,CAPE-IEEPA,unconfirmed,Louis Premselaar,CEO,,New,,"Import signal: China, children's soft books, HTS 4903.00.0000, ruling 2025-12-03 (CBP ruling N355963; origin China; ruling lists IEEPA 9903.01.xx duty). Call main line (866) 763-8869 and ask for Louis Premselaar (CEO). Evidence: https://rulings.cbp.gov/ruling/N355963 ; contact: https://www.kidspreferred.com/pages/about-us ; phone: https://www.kidspreferred.com/pages/contact-us",,
Mark Henry Corp.,"New York, NY",(212) 986-5700,CAPE-IEEPA,unconfirmed,Mois Medine,Founder,,New,,"Import signal: jewelry classification/origin/marking under 9802.00.5060, ruling 2025-11-21 (CBP ruling N356047; origin India (processing; CBP origin ruled U.S.)). Call main line (212) 986-5700 and ask for Mois Medine (Founder). Evidence: https://rulings.cbp.gov/ruling/N356047 ; contact: https://www.markhenryjewelry.com/pages/about-us ; phone: https://www.markhenryjewelry.com/pages/contact-us-2",,
Codan US Corporation,"Santa Ana, CA",(800) 332-6326,CAPE-IEEPA,unconfirmed,Michael Thompson,CEO,,New,,"Import signal: country of origin of a transfusion set, ruling 2025-11-21 (CBP ruling N355466; origin China). Call main line (800) 332-6326 and ask for Michael Thompson (CEO). Evidence: https://rulings.cbp.gov/ruling/N355466 ; contact: https://www.bbb.org/us/ca/santa-ana/profile/medical-supplies/codan-us-corporation-1126-1000082797",,
"Protect Animals with Satellites, LLC","Plano, TX",(214) 712-2270,CAPE-IEEPA,unconfirmed,Ken Ehrman,CEO,,New,,"Import signal: China, smart dog collar, HTS 8543.70.9860, ruling 2025-11-14 (CBP ruling N355196; origin China; ruling lists IEEPA 9903.01.xx duty). Call main line (214) 712-2270 and ask for Ken Ehrman (CEO). Evidence: https://rulings.cbp.gov/ruling/N355196 ; contact: https://www.bbb.org/us/tx/plano/profile/dog-training/halo-collar-0875-91126956",,
"Caplugs, Inc.","Buffalo, NY",(716) 876-9855,CAPE-IEEPA,unconfirmed,David Williams,President/CEO,,New,,"Import signal: China, plastic caps and plugs, HTS 3926.90.9989, ruling 2025-11-05 (CBP ruling N355034; origin China; ruling lists IEEPA 9903.01.xx duty). Call main line (716) 876-9855 and ask for David Williams (President/CEO). Evidence: https://rulings.cbp.gov/ruling/N355034 ; contact: https://www.bbb.org/us/ny/buffalo/profile/plastic-molders/caplugs-llc-0041-235964041",,
Denago EV Corporation,"Plano, TX",(833) 965-3024,CAPE-IEEPA,unconfirmed,Sheng Wang,CEO,,New,,"Import signal: China, body panel and chassis assembly, HTS 8707.10.0020, ruling date 2026-01-28 (CBP ruling N357384; origin Vietnam). Call main line (833) 965-3024 and ask for Sheng Wang (CEO). Evidence: https://rulings.cbp.gov/ruling/N357384 ; contact: https://vpic.nhtsa.dot.gov/decoder/Manufacturer/Details/23011",,
Zak Designs Inc.,"Airway Heights, WA",(509) 244-0555,CAPE-IEEPA,unconfirmed,Irv Zakheim,CEO,,New,,"Import signal: China, ceramic mug and handled ceramic cups, HTS 6912.00.4400/6912.00.4500, ruling date 2026-01-15 (CBP ruling N357549; origin China). Call main line (509) 244-0555 and ask for Irv Zakheim (CEO). Evidence: https://rulings.cbp.gov/ruling/N357549 ; contact: https://www.bbb.org/us/wa/airway-hgts/profile/wholesale-novelties/zak-designs-inc-1296-6000439",,
Listen Technologies Corporation,"Bluffdale, UT",(801) 233-8992,CAPE-IEEPA,unconfirmed,Maile Keone,President and CEO,,New,,"Import signal: China, assistive listening system, HTS 8525.50.7010, 9817.00.96, ruling date 2025-12-30 (CBP ruling N356976; origin China). Call main line (801) 233-8992 and ask for Maile Keone (President and CEO). Evidence: https://rulings.cbp.gov/ruling/N356976 ; contact: https://www.listentech.com/our-team/ ; phone: https://www.listentech.com",,
Derek Weaver Company,"Fort Worth, TX",(817) 560-9510,CAPE-IEEPA,unconfirmed,Derek Weaver,Founder and Owner,,New,,"Import signal: China, vehicle maintenance machines and components, HTS 8479.89.9560 etc, ruling date 2025-12-30 (CBP ruling N356771; origin China). Call main line (817) 560-9510 and ask for Derek Weaver (Founder and Owner). Evidence: https://rulings.cbp.gov/ruling/N356771 ; contact: https://www.derekweaver.com/about-us ; phone: https://www.derekweaver.com/contact-us",,
"Horizon Hobby, LLC","Champaign, IL",(217) 352-1913,CAPE-IEEPA,unconfirmed,Joe Ambrose,President/CEO,,New,,"Import signal: country of origin of radiofrequency (RF) remote control transmitters, ruling 2026-03-02 (CBP ruling N358589; origin China). Call main line (217) 352-1913 and ask for Joe Ambrose (President/CEO). Evidence: https://rulings.cbp.gov/ruling/N358589 ; contact: https://www.bbb.org/us/il/champaign/profile/wholesale-toys/horizon-hobby-llc-0724-9003184",,
"Feradyne Outdoors, LLC","Superior, WI",(715) 395-9955,CAPE-IEEPA,unconfirmed,Larry Pulkrabek,President,,New,,"Import signal: China, ozone generator bag kits, HTS 8543.70.9860, ruling 2026-05-27 (CBP ruling N361383; origin China). Call main line (715) 395-9955 and ask for Larry Pulkrabek (President). Evidence: https://rulings.cbp.gov/ruling/N361383 ; contact: https://www.bbb.org/us/wi/superior/profile/producers/field-logic-llc-0694-1000005758",,
"Container Canopies, Inc.","Chattanooga, TN",(866) 312-6209,CAPE-IEEPA,unconfirmed,Declan Howlett,President,,New,,"Import signal: China, portable storage units, HTS 9406.90.0130, ruling 2026-04-22 (CBP ruling N360282; origin China). Call main line (866) 312-6209 and ask for Declan Howlett (President). Evidence: https://rulings.cbp.gov/ruling/N360282 ; contact: https://www.bbb.org/us/tn/chattanooga/profile/canopies/container-canopies-inc-0483-80013716",,
The Metraflex Products Company,"Chicago, IL",(312) 738-3800,CAPE-IEEPA,unconfirmed,Jim Clauss,President,,New,,"Import signal: India, flexible steel tube, HTS 8307.10.3000, ruling 2026-04-20 (CBP ruling N360456; origin India). Call main line (312) 738-3800 and ask for Jim Clauss (President). Evidence: https://rulings.cbp.gov/ruling/N360456 ; contact: https://www.metraflex.com/meet-the-team/ ; phone: http://www.metraflex.com/support/",,
"LEM Products Distribution, LLC","West Chester, OH",(513) 202-1188,CAPE-IEEPA,unconfirmed,Hill Kohnen,CEO,,New,,"Import signal: China, sausage stuffers, HTS 8509.80.5095, ruling 2026-04-02 (CBP ruling N359788; origin China). Call main line (513) 202-1188 and ask for Hill Kohnen (CEO). Evidence: https://rulings.cbp.gov/ruling/N359788 ; contact: https://www.bbb.org/us/oh/west-chester/profile/meat-packing-supplies/lem-products-0292-90001282",,
"Big Agnes, Inc","Steamboat Springs, CO",(970) 871-1480,CAPE-IEEPA,unconfirmed,Bill Gamber,Co-Owner,,New,,"Import signal: tents and mesh insert, country of origin; N352382 2025-09-04 (CBP ruling N352382; origin China; ruling lists IEEPA 9903.01.xx duty). Call main line (970) 871-1480 and ask for Bill Gamber (Co-Owner). Evidence: https://rulings.cbp.gov/ruling/N352382 ; contact: https://www.bbb.org/us/co/steamboat-springs/profile/wholesale-sporting-goods/big-agnes-0805-46093836/addressId/85350",,
"AM Conservation Group, Inc.","Charleston, SC",(843) 971-1414,CAPE-IEEPA,unconfirmed,John Bailes,President,,New,,Import signal: EPDM rubber weatherstripping from China; N352519 2025-09-03 (CBP ruling N352519; origin China; ruling lists IEEPA 9903.01.xx duty). Call main line (843) 971-1414 and ask for John Bailes (President). Evidence: https://rulings.cbp.gov/ruling/N352519 ; contact: https://amconservation.com/our-team/ ; phone: https://amconservation.com/about-us/,,
Kay Dee Designs Inc.,"Hope Valley, RI",(401) 539-2405,CAPE-IEEPA,unconfirmed,Rick Rakauskas,Owner,,New,,"Import signal: kitchen towel, dish cloth set and drying mat from China; N363378 2026-07-28 (CBP ruling N363378; origin China). Call main line (401) 539-2405 and ask for Rick Rakauskas (Owner). Evidence: https://rulings.cbp.gov/ruling/N363378 ; contact: https://www.bbb.org/us/ri/hope-valley/profile/tents/kay-dee-designs-0021-195861",,
"Old Master Products, Inc.","Van Nuys, CA",(800) 300-5158,CAPE-IEEPA,unconfirmed,Jim Hilaski,President,,New,,Import signal: multilayer wood flooring from Vietnam; N363306 2026-07-21 (CBP ruling N363306; origin Vietnam). Call main line (800) 300-5158 and ask for Jim Hilaski (President). Evidence: https://rulings.cbp.gov/ruling/N363306 ; contact: https://www.bbb.org/us/ca/van-nuys/profile/hardwood-floors/old-master-products-inc-1216-100102787,,
"Global Water Solutions USA, LLC","Bradenton, FL",(941) 226-0390,CAPE-IEEPA,unconfirmed,Sean Natarajan,CEO,,New,,Import signal: diaphragm and bladder pressure tanks from Taiwan and China; N362456 2026-07-08 (CBP ruling N362456; origin Taiwan). Call main line (941) 226-0390 and ask for Sean Natarajan (CEO). Evidence: https://rulings.cbp.gov/ruling/N362456 ; contact: https://www.bbb.org/us/fl/bradenton/profile/water-treatment-equipment/global-water-solutions-usa-llc-0653-90448219,,
"Celina Tent, Inc.","Celina, OH",(866) 817-0084,CAPE-IEEPA,unconfirmed,Jeff Grieshop,President/CEO,,New,,Import signal: five replacement tent tops from China; N362208 2026-07-06 (CBP ruling N362208; origin China). Call main line (866) 817-0084 and ask for Jeff Grieshop (President/CEO). Evidence: https://rulings.cbp.gov/ruling/N362208 ; contact: https://www.bbb.org/us/oh/celina/profile/tents/celina-tent-0422-5000011,,
"Seattle Glove, Inc.","Mukilteo, WA",(425) 493-9360,CAPE-IEEPA,unconfirmed,Thieu Tran,President,,New,,"Import signal: China, gloves, HTS 6116.10.5520, ruling N359005 2026-03-12 (CBP ruling N359005; origin China). Call main line (425) 493-9360 and ask for Thieu Tran (President). Evidence: https://rulings.cbp.gov/ruling/N359005 ; contact: https://www.bbb.org/us/wa/mukilteo/profile/mens-clothing/seattle-glove-inc-1296-22345714",,
Culp Inc,"High Point, NC",(336) 889-5161,CAPE-IEEPA,unconfirmed,Ameet Shah,"Director, Global Customs Compliance",,New,,"Import signal: China, coated upholstery fabric, HTS 5903.20.2500, ruling N359345 2026-03-11 (CBP ruling N359345; origin China). Call main line (336) 889-5161 and ask for Ameet Shah (Director, Global Customs Compliance). Evidence: https://rulings.cbp.gov/ruling/N359345 ; contact: https://theorg.com/org/culp/org-chart/ameet-shah ; phone: https://www.culp.com/contact",,
NextVein LLC,"Huntington, NY",(833) 321-6398,CAPE-IEEPA,unconfirmed,Ron Goldman,Founder & Co-CEO,,New,,"Import signal: NextVein Projection Vein Finder country of origin, ruling N355289 2025-11-17 (CBP ruling N355289; origin China). Call main line (833) 321-6398 and ask for Ron Goldman (Founder & Co-CEO). Evidence: https://rulings.cbp.gov/ruling/N355289 ; contact: https://theorg.com/org/nextvein/org-chart/ron-goldman ; phone: https://nextvein.com",,
Mercurius USA,"Rocklin, CA",(916) 652-9696,CAPE-IEEPA,unconfirmed,Ronald Peeters,CEO,,New,,"Import signal: China, Stockmar Opaque Colours Set, HTS 3213.10.0000, ruling N355359 2025-11-17 (CBP ruling N355359; origin China; ruling lists IEEPA 9903.01.xx duty). Call main line (916) 652-9696 and ask for Ronald Peeters (CEO). Evidence: https://rulings.cbp.gov/ruling/N355359 ; contact: https://www.bizprofile.net/ca/rocklin/mercurius-usa-inc ; phone: https://www.mercurius-usa.com/contact",,
"Best Lighting Products, Inc.","Etna, OH",(740) 964-1198,CAPE-IEEPA,unconfirmed,Jeff Katz,Chief Executive Officer,,New,,"Import signal: Vietnam, sign faceplate, HTS 9405.92.0000, ruling N355026 2025-11-06 (CBP ruling N355026; origin Vietnam). Call main line (740) 964-1198 and ask for Jeff Katz (Chief Executive Officer). Evidence: https://rulings.cbp.gov/ruling/N355026 ; contact: https://www.bbb.org/us/oh/etna/profile/retail-light-fixtures/best-lighting-products-inc-0302-70089164",,
DT & J Inc dba Roll-A-Ramp,"West Fargo, ND",(701) 277-9471,CAPE-IEEPA,unconfirmed,Matt Magness,Owner,,New,,"Import signal: China, ramp segments for accessibility ramps, HTS 7616.99.5190, ruling N360785 2026-05-07 (CBP ruling N360785; origin China). Call main line (701) 277-9471 and ask for Matt Magness (Owner). Evidence: https://rulings.cbp.gov/ruling/N360785 ; contact: https://www.rollaramp.com/company-history/ ; phone: https://www.rollaramp.com",,
Lightspeed Aviation,"Lake Oswego, OR",(971) 925-5500,CAPE-IEEPA,unconfirmed,Allan Schrader,President,,New,,"Import signal: China, wiring assembly with PCBA, HTS 8517.62.0090, ruling N361016 2026-05-05 (CBP ruling N361016; origin China). Call main line (971) 925-5500 and ask for Allan Schrader (President). Evidence: https://rulings.cbp.gov/ruling/N361016 ; contact: https://www.bbb.org/us/or/lake-oswego/profile/audio-visual-equipment-wholesale/lightspeed-aviation-inc-1296-22006771",,
Marc Fisher Footwear,"Greenwich, CT",(877) 540-7463,CAPE-IEEPA,unconfirmed,Marc Fisher,Owner,,New,,"Import signal: China, leather flocked fabrics, HTS 5907.00.6000, ruling N360009 2026-04-21 (CBP ruling N360009; origin China). Call main line (877) 540-7463 and ask for Marc Fisher (Owner). Evidence: https://rulings.cbp.gov/ruling/N360009 ; contact: https://www.bbb.org/us/ct/greenwich/profile/online-retailer/marc-fisher-footwear-0111-87127563",,
Professional Plumbing Group Inc.,"Glen Mills, PA",(800) 523-5130,CAPE-IEEPA,unconfirmed,Robert Logemann,Chairman & CEO,,New,,"Import signal: China, sump pump country of origin, ruling 2026-06-17 (CBP ruling N361873; origin Thailand). Call main line (800) 523-5130 and ask for Robert Logemann (Chairman & CEO). Evidence: https://rulings.cbp.gov/ruling/N361873 ; contact: https://prunderground.com/professional-plumbing-group-appoints-new-ceo/00203385 ; phone: https://www.ppg-inc.com",,
"Magic Novelty Co., Inc.","New York, NY",(212) 304-2777,CAPE-IEEPA,unconfirmed,Alex E. Neuburger,President,,New,,"Import signal: China, rings, HTS 7326.20.0090, ruling 2025-08-29 (CBP ruling N352573; origin China; ruling lists IEEPA 9903.01.xx duty). Call main line (212) 304-2777 and ask for Alex E. Neuburger (President). Evidence: https://rulings.cbp.gov/ruling/N352573 ; contact: https://www.bbb.org/us/ny/new-york/profile/novelties/magic-novelty-co-inc-0121-38225",,
Arlington Designs LLC,"Kensington, CA",(415) 601-7776,CAPE-IEEPA,unconfirmed,Anne Shay,Owner/Founder,,New,,"Import signal: China, ceramic tableware articles, HTS 6912.00.4810, ruling 2025-06-12 (CBP ruling N349927; origin China). Call main line (415) 601-7776 and ask for Anne Shay (Owner/Founder). Evidence: https://rulings.cbp.gov/ruling/N349927 ; contact: https://www.arlingtondesigns.com/contact/",,
Wakefield Thermal Solutions Inc.,"Pelham, NH",(603) 635-2800,CAPE-IEEPA,unconfirmed,Wayne Frerichs,President/CEO,,New,,"Import signal: China, finished aluminum heatsinks for plasma arc cutting machines, 8466.93.9885, 2025-04-16 (CBP ruling N347079; origin China; ruling lists IEEPA 9903.01.xx duty). Call main line (603) 635-2800 and ask for Wayne Frerichs (President/CEO). Evidence: https://rulings.cbp.gov/ruling/N347079 ; contact: https://www.bbb.org/us/nh/pelham/profile/aluminum-products/wakefield-thermal-solutions-inc-0051-92014427",,
"Revolving Networks, LLC","Plymouth, MN",(612) 877-6580,CAPE-IEEPA,unconfirmed,Jon Miller,President & Partner,,New,,"Import signal: Malaysia, universal router, 8517.62.0020, 2025-04-16 (CBP ruling N347241; origin Malaysia; ruling lists IEEPA 9903.01.xx duty). Call main line (612) 877-6580 and ask for Jon Miller (President & Partner). Evidence: https://rulings.cbp.gov/ruling/N347241 ; contact: https://www.revolvingnetworks.com/about-us/",,
"Blue Sky The Color of Imagination, LLC","Irvine, CA",(714) 389-7700,CAPE-IEEPA,unconfirmed,James E Freeman,President,,New,,"Import signal: China, faux leather clipfolios, 4823.90.8680, 2025-04-15 (CBP ruling N347133; origin China; ruling lists IEEPA 9903.01.xx duty). Call main line (714) 389-7700 and ask for James E Freeman (President). Evidence: https://rulings.cbp.gov/ruling/N347133 ; contact: https://www.bbb.org/us/ca/irvine/profile/contract-manufacturing/blue-sky-the-color-of-imagination-llc-1126-100058268",,
JOFRAN Sales Inc.,"Norfolk, MA",(508) 384-2496,CAPE-IEEPA,unconfirmed,Kristen Connell,President/CFO,,New,,"Import signal: India, metal furniture, 9403.20.0086, 2025-07-30 (CBP ruling N351495; origin India; ruling lists IEEPA 9903.01.xx duty). Call main line (508) 384-2496 and ask for Kristen Connell (President/CFO). Evidence: https://rulings.cbp.gov/ruling/N351495 ; contact: https://www.bbb.org/us/ma/norfolk/profile/kitchen-cabinets-and-equipment/jofran-inc-0021-74907",,
"Berkshire Blanket & Home Co., Inc.","Worcester, MA",(800) 372-2018,CAPE-IEEPA,unconfirmed,Scott Madeleine,President,,New,,"Import signal: China, electric heating pad, 6307.90.9891, 2026-06-30 (CBP ruling N361988; origin China). Call main line (800) 372-2018 and ask for Scott Madeleine (President). Evidence: https://rulings.cbp.gov/ruling/N361988 ; contact: https://www.bbb.org/us/ma/worcester/profile/blankets/berkshire-blanket-home-co-inc-0261-211230",,
"eSpecial Needs, LLC","Saint Louis, MO",(877) 664-4565,CAPE-IEEPA,unconfirmed,Carrie Ann Kouri,Owner,,New,,"Import signal: Taiwan, weighted vest, 6110.30.3035, 2025-07-22 (CBP ruling N351121; origin Taiwan; ruling lists IEEPA 9903.01.xx duty). Call main line (877) 664-4565 and ask for Carrie Ann Kouri (Owner). Evidence: https://rulings.cbp.gov/ruling/N351121 ; contact: https://www.bbb.org/us/mo/saint-louis/profile/medical-equipment/especial-needs-0734-310035017",,
Mullally International Inc,"Seattle, WA",(206) 262-0150,CAPE-IEEPA,unconfirmed,Maureen Mullally Sharma,Owner,,New,,"Import signal: metal furniture, country of origin, 9403.20.0050, 2025-07-29 (CBP ruling N351331; origin China; ruling lists IEEPA 9903.01.xx duty). Call main line (206) 262-0150 and ask for Maureen Mullally Sharma (Owner). Evidence: https://rulings.cbp.gov/ruling/N351331 ; contact: https://www.bbb.org/us/wa/seattle/profile/wholesale-furniture/mullally-international-1296-22612106",,
"Engineering Specialties, Inc.","North Branford, CT",(203) 488-2266,CAPE-IEEPA,unconfirmed,Ronald Delfini,President,,New,,"Import signal: Taiwan, automotive seatbelt components, 8708.29.5160, 2026-06-25 (CBP ruling N362041; origin Taiwan). Call main line (203) 488-2266 and ask for Ronald Delfini (President). Evidence: https://rulings.cbp.gov/ruling/N362041 ; contact: https://www.bbb.org/us/ct/n-branford/profile/assembly-services/engineering-specialties-inc-0111-87115977",,
Pets Pacifica Incorporated,"Waipahu, HI",(808) 677-7749,CAPE-IEEPA,unconfirmed,Kenneth Matsui,President,,New,,"Import signal: China, aquarium sea salt synthetic preparation, 3824.99.3990, 2026-07-09 (CBP ruling N362602; origin China). Call main line (808) 677-7749 and ask for Kenneth Matsui (President). Evidence: https://rulings.cbp.gov/ruling/N362602 ; contact: https://www.bbb.org/us/hi/waipahu/profile/wholesale-pet-supplies/pets-pacifica-inc-1296-31000336",,
Backyard Living Source Inc.,"Meridian, ID",(208) 287-6601,CAPE-IEEPA,unconfirmed,Bryan Herrera,Owner,,New,,"Import signal: China, step ramp loading aid, 7616.99.5190, N347511, 2025-04-18 (CBP ruling N347511; origin China; ruling lists IEEPA 9903.01.xx duty). Call main line (208) 287-6601 and ask for Bryan Herrera (Owner). Evidence: https://rulings.cbp.gov/ruling/N347511 ; contact: https://www.bbb.org/us/id/meridian/profile/lawn-and-garden/backyard-living-source-inc-1296-39002212",,
Alu Industries DBA: Caster Master,"Kailua, HI",(808) 259-5515,CAPE-IEEPA,unconfirmed,Joseph Stevens III,Owner,,New,,"Import signal: Vietnam, steel delivery carts, 8716.80.5090, N347254, 2025-04-17 (CBP ruling N347254; origin Vietnam; ruling lists IEEPA 9903.01.xx duty). Call main line (808) 259-5515 and ask for Joseph Stevens III (Owner). Evidence: https://rulings.cbp.gov/ruling/N347254 ; contact: https://www.bbb.org/us/hi/kailua/profile/hardware-sales/caster-master-hawaii-1296-53050142",,
Ulta-Lit Tree Company,"Glenview, IL",(847) 729-4004,CAPE-IEEPA,unconfirmed,John DeCosmo,President/Owner,,New,,"Import signal: China, scent delivery system/artificial Christmas tree, 3307.49.0000/9505.10.2500, ruling 2025-04-15 (CBP ruling N347480; origin China; ruling lists IEEPA 9903.01.xx duty). Call main line (847) 729-4004 and ask for John DeCosmo (President/Owner). Evidence: https://rulings.cbp.gov/ruling/N347480 ; contact: https://www.bbb.org/us/il/glenview/profile/christmas-lights/ulta-lit-technologies-inc-0654-88443360",,
Sign Depot,"Orlando, FL",(407) 894-0090,CAPE-IEEPA,unconfirmed,Tuan T. Mai,President,,New,,"Import signal: Vietnam, sign frame, 7326.90.8688, ruling 2026-08-03 (CBP ruling N363545; origin Vietnam). Call main line (407) 894-0090 and ask for Tuan T. Mai (President). Evidence: https://rulings.cbp.gov/ruling/N363545 ; contact: https://www.bbb.org/us/fl/orlando/profile/signs/sign-depot-0733-222509797",,
Mayflower Auto Equipments Inc,"Corona, CA",(626) 200-0059,CAPE-IEEPA,unconfirmed,Justin Lin,President,,New,,Import signal: Tire changer helpers from China; HTS 8479.90.9596; ruling 2026-01-20 (CBP ruling N357428; origin China). Call main line (626) 200-0059 and ask for Justin Lin (President). Evidence: https://rulings.cbp.gov/ruling/N357428 ; contact: https://www.bbb.org/us/ca/corona/profile/auto-equipment/mayflower-auto-equipments-inc-1126-850062074,,
Fashionable INC,"Largo, FL",(813) 572-2637,CAPE-IEEPA,unconfirmed,Stephen Carroll,President,,New,,"Import signal: Walking cane from Taiwan; HTS 6602.00.0000, 9817.00.96; ruling 2025-12-30 (CBP ruling N356862; origin Taiwan). Call main line (813) 572-2637 and ask for Stephen Carroll (President). Evidence: https://rulings.cbp.gov/ruling/N356862 ; contact: https://www.bbb.org/us/fl/largo/profile/canes/fashionable-canes-hats-0653-18002096",,
Blue Q,"Pittsfield, MA",(413) 442-1600,CAPE-IEEPA,unconfirmed,Seth Nash,Owner,,New,,Import signal: Infant bibs from India; HTS 6111.20.6070; ruling 2025-12-23 (CBP ruling N356719; origin India). Call main line (413) 442-1600 and ask for Seth Nash (Owner). Evidence: https://rulings.cbp.gov/ruling/N356719 ; contact: https://www.bbb.org/us/ma/pittsfield/profile/gift-shop/blue-q-0261-352985,,
"North American Trade, LLC","Fletcher, NC",(828) 712-3004,CAPE-IEEPA,unconfirmed,Neil Myers,CEO,,New,,Import signal: 9802.00.60 applicability to cartridge cups/projectile cups/cartridge strip; ruling 2025-12-22 (CBP ruling N356727; origin India). Call main line (828) 712-3004 and ask for Neil Myers (CEO). Evidence: https://rulings.cbp.gov/ruling/N356727 ; contact: https://natrade.net/contact-us,,
"Eros Hosiery Co. of Delaware Valley, Inc.","Huntingdon Valley, PA",(215) 324-2121,CAPE-IEEPA,unconfirmed,Brad Seiver,Owner,,New,,Import signal: School supply kits from China; HTS 3506.10.5000 et al.; ruling 2025-12-17 (CBP ruling N356868; origin China). Call main line (215) 324-2121 and ask for Brad Seiver (Owner). Evidence: https://rulings.cbp.gov/ruling/N356868 ; contact: https://www.bbb.org/us/pa/philadelphia/profile/hosiery/eros-hosiery-company-0241-235979603,,
"GHF Greendale Home Fashions, LLC","Cincinnati, OH",(513) 342-4363,CAPE-IEEPA,unconfirmed,Barry Hackett,President,,New,,"Import signal: Classification/country of origin for pillow shell and pillow (19 CFR 102.21(c)(2)); HTS 6307.90.9891, 9404.90.2090; ruling 2025-12-15 (CBP ruling N356391; origin China (pillow shell sewn/filled in China)). Call main line (513) 342-4363 and ask for Barry Hackett (President). Evidence: https://rulings.cbp.gov/ruling/N356391 ; contact: https://www.bbb.org/us/oh/cincinnati/profile/cushions/cushions-direct-0292-90003100",,
"Core Mobility Solutions, Inc.","San Jose, CA",(800) 213-3491,CAPE-IEEPA,unconfirmed,Robert Karlovich,Founder/CEO,,New,,"Import signal: LifeGlider from China; HTS 9021.10.0090, 9817.00.96; ruling 2025-12-08 (CBP ruling N356032; origin China; ruling lists IEEPA 9903.01.xx duty). Call main line (800) 213-3491 and ask for Robert Karlovich (Founder/CEO). Evidence: https://rulings.cbp.gov/ruling/N356032 ; contact: https://www.businesswire.com/news/home/20200921005235/en/Core-Mobility-Reinvents-the-Walker-with-the-LifeGlider-a-Fall-safe-Hands-Free-Upright-Mobility-Device ; phone: https://www.bbb.org/us/ca/san-jose/profile/medical-equipment/core-mobility-solutions-1216-1290194",,
Assembled Products Corporation,"Rogers, AR",(479) 636-5776,CAPE-IEEPA,unconfirmed,Erin Kiefer,President/CEO,,New,,Import signal: Wheel hub motors for shopping carts from China; HTS 8708.70.6060 et al.; ruling 2025-12-02 (CBP ruling N355886; origin China; ruling lists IEEPA 9903.01.xx duty). Call main line (479) 636-5776 and ask for Erin Kiefer (President/CEO). Evidence: https://rulings.cbp.gov/ruling/N355886 ; contact: https://www.bbb.org/us/ar/rogers/profile/shopping-carts/assembled-products-corporation-0935-6000840,,
"E&E Co., Ltd dba JLA Home","Fremont, CA",(866) 456-8852,CAPE-IEEPA,unconfirmed,Edmund Jin,CEO and President,,New,,"Import signal: China, pet bed country of origin, HTS 6307.90.9891, ruling 2025-06-25 (CBP ruling N349766; origin China; ruling lists IEEPA 9903.01.xx duty). Call main line (866) 456-8852 and ask for Edmund Jin (CEO and President). Evidence: https://rulings.cbp.gov/ruling/N349766 ; contact: https://www.hometextilestoday.com/industry-news/jla-home/ ; phone: https://www.bbb.org/us/ca/fremont/profile/furniture-stores/ee-co-ltd-the-parent-company-of-jla-home-1116-372073",,
"Jiaherb, Inc.","Pine Brook, NJ",(973) 439-6869,CAPE-IEEPA,unconfirmed,Scott Chen,President,,New,,"Import signal: China, kava based product country of origin, ruling 2025-06-25 (CBP ruling N349925; origin China). Call main line (973) 439-6869 and ask for Scott Chen (President). Evidence: https://rulings.cbp.gov/ruling/N349925 ; contact: https://www.nutraceuticalsworld.com/breaking-news/jiaherb-expands-to-new-lab-and-rd-facility-in-china/ ; phone: https://www.jiaherbinc.com/html/contactus/index.html",,
"Good Life, Inc.","Medford, OR",(800) 657-8214,CAPE-IEEPA,unconfirmed,Jason Alexander,CEO,,New,,"Import signal: China, ultrasonic dog barking control device, HTS 8543.70.9860, ruling 2025-05-16 (CBP ruling N348388; origin China; ruling lists IEEPA 9903.01.xx duty). Call main line (800) 657-8214 and ask for Jason Alexander (CEO). Evidence: https://rulings.cbp.gov/ruling/N348388 ; contact: https://www.bbb.org/us/or/medford/profile/pet-training/good-life-inc-1296-75006105",,
PTS Diagnostics,"Whitestown, IN",(877) 870-5610,CAPE-IEEPA,unconfirmed,Jonathan Chapman,President & Chief Executive Officer,,New,,"Import signal: Malaysia, blood testing meter systems, HTS 9027.50.4015, ruling 2025-05-16 (CBP ruling N348517; origin Malaysia; ruling lists IEEPA 9903.01.xx duty). Call main line (877) 870-5610 and ask for Jonathan Chapman (President & Chief Executive Officer). Evidence: https://rulings.cbp.gov/ruling/N348517 ; contact: https://www.ptsdiagnostics.com/about-pts-diagnostics/ ; phone: https://www.ptsdiagnostics.com",,
J&J Global LLC,"Dallas, TX",(877) 477-2264,CAPE-IEEPA,unconfirmed,Jun Ma,Managing Member,,New,,"Import signal: China, sprayers, HTS 8424.41.9000, ruling 2025-05-16 (CBP ruling N348678; origin China; ruling lists IEEPA 9903.01.xx duty). Call main line (877) 477-2264 and ask for Jun Ma (Managing Member). Evidence: https://rulings.cbp.gov/ruling/N348678 ; contact: https://www.bbb.org/us/tx/dallas/profile/patio-furniture/jj-global-llc-0875-91129910",,
"3GreenMoms, Inc. d/b/a Lunchskins","Potomac, MD",(301) 652-3331,CAPE-IEEPA,unconfirmed,Kirsten Quigley,Co-Founder,,New,,"Import signal: China, compostable plastic bags and film, HTS 3920.69.0000, 2025-05-01 (CBP ruling N348109; origin China; ruling lists IEEPA 9903.01.xx duty). Call main line (301) 652-3331 and ask for Kirsten Quigley (Co-Founder). Evidence: https://rulings.cbp.gov/ruling/N348109 ; contact: https://www.lunchskins.com/a/press-kit/press-release/ktewspbu/3greenmoms-award-winning-reusable-snack-and-sandwich-bag-designer-launches-lunchskins2-at-select-target-stores-nationwide ; phone: https://www.bbb.org/us/md/bethesda/profile/child-care-centers/3greenmoms-0241-236005558",,
Foot Care Store Inc. d/b/a Dia-Foot,"Wellington, FL",(561) 791-1213,CAPE-IEEPA,unconfirmed,Robert Gaynor,President,,New,,"Import signal: China, footwear inserts, HTS 6406.90.3060, 2025-07-08 (CBP ruling N349967; origin China; ruling lists IEEPA 9903.01.xx duty). Call main line (561) 791-1213 and ask for Robert Gaynor (President). Evidence: https://rulings.cbp.gov/ruling/N349967 ; contact: https://www.bbb.org/us/fl/wellington/profile/shoes/dia-foot-0633-90382968",,
Hoch Brands DBA STAPLL,"Durango, CO",(970) 649-6722,CAPE-IEEPA,unconfirmed,Bruce Hoch,Co-Founder/Owner,,New,,"Import signal: China, fender rack kits, 8708.29.5160, 2025-03-18 (CBP ruling N346046; origin China; ruling lists IEEPA 9903.01.xx duty). Call main line (970) 649-6722 and ask for Bruce Hoch (Co-Founder/Owner). Evidence: https://rulings.cbp.gov/ruling/N346046 ; contact: https://stapll.com ; phone: https://stapll.com/pages/contact-us",,
Woodstream Corporation,"Lancaster, PA",(717) 740-4600,CAPE-IEEPA,unconfirmed,Joao Rodrigues,President & CEO,,New,,"Import signal: Vietnam, mousetrap, 7323.99.9080, 9903.01.25/9903.81.90, 2025-04-23 (CBP ruling N347397; origin Vietnam; ruling lists IEEPA 9903.01.xx duty). Call main line (717) 740-4600 and ask for Joao Rodrigues (President & CEO). Evidence: https://rulings.cbp.gov/ruling/N347397 ; contact: https://www.woodstream.com/leadership ; phone: https://www.woodstream.com/contact-us",,
History & Heraldry (The H&H Group),"Riverside, MO",(800) 416-5567,CAPE-IEEPA,unconfirmed,Patrick Carr,President & CEO,,New,,"Import signal: China, beverage holder, 6307.90.9891, 9903.88.15/9903.01.24, 2025-04-22 (CBP ruling N347781; origin China; ruling lists IEEPA 9903.01.xx duty). Call main line (800) 416-5567 and ask for Patrick Carr (President & CEO). Evidence: https://rulings.cbp.gov/ruling/N347781 ; contact: https://historyandheraldry.com/our-team/ ; phone: https://historyandheraldry.com/contact/",,
"PanTim Wood Products, Inc.","Scarborough, ME",(207) 799-0010,CAPE-IEEPA,unconfirmed,Harro Jakel,President,,New,,"Import signal: Thailand, multilayer wood flooring, HTS 4412.52.3105, ruling 2025-05-08 (CBP ruling N348114; origin Thailand; ruling lists IEEPA 9903.01.xx duty). Call main line (207) 799-0010 and ask for Harro Jakel (President). Evidence: https://rulings.cbp.gov/ruling/N348114 ; contact: https://www.fcnews.net/2026/07/havencrest-surfaces-aquires-pantim-distributor-business/ ; phone: https://pantimhardwoodflooring.com/contact-us/",,
e-Beach Wagon LLC,"Middletown, DE",(855) 392-4667,CAPE-IEEPA,unconfirmed,Michael Mogan,Founder and Owner,,New,,"Import signal: China, electric cargo wagon, HTS 8704.60.0000, ruling 2025-04-25 (CBP ruling N347134; origin China; ruling lists IEEPA 9903.01.xx duty). Call main line (855) 392-4667 and ask for Michael Mogan (Founder and Owner). Evidence: https://rulings.cbp.gov/ruling/N347134 ; contact: https://ebeachwagon.com/pages/why-us ; phone: https://ebeachwagon.com/",,
Utility Transportation Carts,"Fleming Island, FL",(216) 513-9495,CAPE-IEEPA,unconfirmed,Luis Rivera,Owner,,New,,"Import signal: China, aluminum industrial hand cart, HTS 8716.80.5010, ruling 2025-06-24 (CBP ruling N350012; origin China; ruling lists IEEPA 9903.01.xx duty). Call main line (216) 513-9495 and ask for Luis Rivera (Owner). Evidence: https://rulings.cbp.gov/ruling/N350012 ; contact: https://www.utcarts.com/",,
"Precision Assembly Technologies, Inc.","Bohemia, NY",(631) 699-9400,CAPE-IEEPA,unconfirmed,Greg Fusco,Director of Purchasing,gfusco@pat-inc.com,New,,"Import signal: China, particulate matter sensor, HTS 9027.10.2000, ruling 2025-06-24 (CBP ruling N350068; origin China; ruling lists IEEPA 9903.01.xx duty). Call main line (631) 699-9400 and ask for Greg Fusco (Director of Purchasing). Evidence: https://rulings.cbp.gov/ruling/N350068 ; contact: https://pat-inc.com/p-a-t-leadership-team/",,
"Ex-Boyfriend, LLC DBA Boredwalk","Santa Fe Springs, CA",(801) 923-8337,CAPE-IEEPA,unconfirmed,Meredith Erin,CEO & Co-Founder,,New,,"Import signal: China, conversation cards, HTS 4911.99.6000, ruling 2025-06-12 (CBP ruling N349886; origin China; ruling lists IEEPA 9903.01.xx duty). Call main line (801) 923-8337 and ask for Meredith Erin (CEO & Co-Founder). Evidence: https://rulings.cbp.gov/ruling/N349886 ; contact: https://boredwalk.com/pages/about-us ; phone: https://boredwalk.com/pages/contact",,
Thrive Orthopedics LLC,"Carmel, IN",(484) 442-0494,CAPE-IEEPA,unconfirmed,Joseph DeHeer,Chief Operating & Finance Officer,,New,,"Import signal: China, AFO Symmetry Straps, HTS 9021.10.0090, ruling 2025-06-09 (CBP ruling N348907; origin China; ruling lists IEEPA 9903.01.xx duty). Call main line (484) 442-0494 and ask for Joseph DeHeer (Chief Operating & Finance Officer). Evidence: https://rulings.cbp.gov/ruling/N348907 ; contact: https://thriveorthopedics.com/pages/about-us",,
"Datacolor, Inc.","Lawrenceville, NJ",(609) 924-2189,CAPE-IEEPA,unconfirmed,Albert Busch,President & CEO,,New,,"Import signal: country of origin of a spectrophotometer, ruling 2025-07-16 (CBP ruling N350750; origin China). Call main line (609) 924-2189 and ask for Albert Busch (President & CEO). Evidence: https://rulings.cbp.gov/ruling/N350750 ; contact: https://www.datacolor.com/about-us/ ; phone: https://www.datacolor.com/locations/",,
"Dee Veterinary Products, LLC","Miami Gardens, FL",(954) 962-5823,CAPE-IEEPA,unconfirmed,Scott Dee,Founder,,New,,"Import signal: China, surgical scrub brushes, HTS 9603.90.8050, ruling 2025-08-27 (CBP ruling N351882; origin China; ruling lists IEEPA 9903.01.xx duty). Call main line (954) 962-5823 and ask for Scott Dee (Founder). Evidence: https://rulings.cbp.gov/ruling/N351882 ; contact: https://www.deevetproducts.com/about ; phone: https://www.deevetproducts.com/contact",,
Remco Industries,"Osakis, MN",(763) 253-4740,CAPE-IEEPA,unconfirmed,Terry L. Rohloff,President,,New,,"Import signal: China, electric motors, HTS 8501.31.4000, ruling 2025-08-25 (CBP ruling N352196; origin China; ruling lists IEEPA 9903.01.xx duty). Call main line (763) 253-4740 and ask for Terry L. Rohloff (President). Evidence: https://rulings.cbp.gov/ruling/N352196 ; contact: https://remcoindustries.com/about-remco/ ; phone: https://remcoindustries.com/contact-page/",,
NOA Medical Industries LLC,"Washington, MO",(800) 633-6068,CAPE-IEEPA,unconfirmed,Ray Ganz,CEO,,New,,"Import signal: China, hardware packs, HTS 8302.42.3065 (and others), ruling 2025-08-19 (CBP ruling N351539; origin China; ruling lists IEEPA 9903.01.xx duty). Call main line (800) 633-6068 and ask for Ray Ganz (CEO). Evidence: https://rulings.cbp.gov/ruling/N351539 ; contact: https://noamedical.com/noa-team.html ; phone: https://noamedical.com/",,
Amerx Health Care Corp.,"Oldsmar, FL",(800) 448-9599,CAPE-IEEPA,unconfirmed,John C. Anderson,Founder,,New,,"Import signal: China, compression garment, 6307.90.9891, 2025-09-19 (CBP ruling N353182; origin China; ruling lists IEEPA 9903.01.xx duty). Call main line (800) 448-9599 and ask for John C. Anderson (Founder). Evidence: https://rulings.cbp.gov/ruling/N353182 ; contact: https://amerxhc.com/about-amerx/ ; phone: https://amerxhc.com/contact/",,
CEFALY US Inc.,"Darien, CT",(844) 475-7100,CAPE-IEEPA,unconfirmed,Andy Page,CEO,,New,,"Import signal: country of origin, CEFALY Enhanced Kit SKU 10701, 2025-08-29 (CBP ruling N352290; origin Taiwan). Call main line (844) 475-7100 and ask for Andy Page (CEO). Evidence: https://rulings.cbp.gov/ruling/N352290 ; contact: https://cefaly.com/about/ ; phone: https://cefaly.com",,
Wego Chemical Group,"Great Neck, NY",(516) 487-3510,CAPE-IEEPA,unconfirmed,Bert Eshaghpour,Chief Executive Officer,,New,,"Import signal: China, Zinc Diethylphosphinate (CAS 284685-45-6), HTS 2931.49.0080, ruling dated 2025-10-21 (CBP ruling N348747; origin China; ruling lists IEEPA 9903.01.xx duty). Call main line (516) 487-3510 and ask for Bert Eshaghpour (Chief Executive Officer). Evidence: https://rulings.cbp.gov/ruling/N348747 ; contact: https://wegoglobal.com/team/ ; phone: https://wegoglobal.com/contact/",,
Philadelphia Hardware Group,"San Diego, CA",(858) 642-0450,CAPE-IEEPA,unconfirmed,Johnny Huang,Founder,,New,,"Import signal: Taiwan, steel and aluminum exit devices, Nairobi Protocol, HTS 8302.41.6045, ruling dated 2025-10-21 (CBP ruling N354217; origin Taiwan). Call main line (858) 642-0450 and ask for Johnny Huang (Founder). Evidence: https://rulings.cbp.gov/ruling/N354217 ; contact: https://www.philadelphiahardware.com/about/ ; phone: https://www.philadelphiahardware.com/contact",,
"Forest Products Distributors, Inc.","Rapid City, SD",(605) 341-6500,CAPE-IEEPA,unconfirmed,Tim Danley,Owner (Partner),,New,,"Import signal: Thailand or Poland, laminated particle board, HTS 4421.99.9880, ruling dated 2025-10-21 (CBP ruling N354269; origin Thailand or Poland). Call main line (605) 341-6500 and ask for Tim Danley (Owner (Partner)). Evidence: https://rulings.cbp.gov/ruling/N354269 ; contact: https://forpd.com/about/ ; phone: https://forpd.com/contact/",,
"Myco Medical Supplies, Inc.","Apex, NC",(984) 300-3643,CAPE-IEEPA,unconfirmed,Sam Kumar,CEO/Founder,,New,,"Import signal: Epidural Needles, country of origin ruling, ruling dated 2025-09-30 (CBP ruling N353259; origin Japan). Call main line (984) 300-3643 and ask for Sam Kumar (CEO/Founder). Evidence: https://rulings.cbp.gov/ruling/N353259 ; contact: https://www.mycomedical.com/about-us/about-us ; phone: https://www.mycomedical.com",,
"Flavine North America, Inc.","Paramus, NJ",(201) 768-4190,CAPE-IEEPA,unconfirmed,Kenn Leifheit,"Vice President, Supply Chain",,New,,"Import signal: Neostigmine Methylsulfate (CAS 51-60-5) bulk powder from India, HTS 2924.29.6250, ruling 2025-11-05 (CBP ruling N354758; origin India; ruling lists IEEPA 9903.01.xx duty). Call main line (201) 768-4190 and ask for Kenn Leifheit (Vice President, Supply Chain). Evidence: https://rulings.cbp.gov/ruling/N354758 ; contact: https://www.flavine.com/leadership-team/ ; phone: https://www.flavine.com/contact-us/",,
McIntire Business Products & Image Communications (Crestview Partners LLC),"Concord, NH",(800) 847-2463,CAPE-IEEPA,unconfirmed,Cyndi Christie,President and Owner,,New,,"Import signal: wire spool and wire binding spines from Vietnam, HTS 8305.90.6000, ruling 2025-10-23 (CBP ruling N354287; origin Vietnam). Call main line (800) 847-2463 and ask for Cyndi Christie (President and Owner). Evidence: https://rulings.cbp.gov/ruling/N354287 ; contact: https://www.mbp-inc.com/about/ ; phone: https://www.mbp-inc.com/contact/",,
Down Home LLC,"Greenwood, SC",(864) 227-3467,CAPE-IEEPA,unconfirmed,Rod Ghormley,President,,New,,"Import signal: China, sheet set, HTS 6302.21.9020, ruling dated 2025-12-11 (CBP ruling N356060; origin China). Call main line (864) 227-3467 and ask for Rod Ghormley (President). Evidence: https://rulings.cbp.gov/ruling/N356060 ; contact: https://www.upstatescalliance.com/announcements/down-home-manufacturing-opening-new-facility-in-greenwood/ ; phone: https://www.downhomeusa.com/contact",,
"Clearfield, Inc.","Minneapolis, MN",(763) 476-6866,CAPE-IEEPA,unconfirmed,Cheri Beranek,President and CEO,,New,,"Import signal: country of origin, fiber optic cable assemblies, ruling dated 2025-12-05 (CBP ruling N356243; origin Vietnam). Call main line (763) 476-6866 and ask for Cheri Beranek (President and CEO). Evidence: https://rulings.cbp.gov/ruling/N356243 ; contact: https://www.seeclearfield.com/about.html ; phone: https://www.seeclearfield.com/",,
"The Worksman Cycle Company, Inc.","Ozone Park, NY",(718) 322-2000,CAPE-IEEPA,unconfirmed,Wayne Sosin,President,,New,,"Import signal: China, tricycles, 8711.60.0090/8712.00.5000/9817.00.96, ruling 2026-03-02 (CBP ruling N358448; origin China). Call main line (718) 322-2000 and ask for Wayne Sosin (President). Evidence: https://rulings.cbp.gov/ruling/N358448 ; contact: https://www.americanmanufacturing.org/blog/manufacturing-means-business-for-american-made-worksman-cycles/ ; phone: https://www.worksmancycles.com/contact-us.html",,
Driveline Baseball Enterprises LLC,"Kent, WA",(425) 523-4030,CAPE-IEEPA,unconfirmed,Kyle Boddy,Founder,,New,,"Import signal: China, training balls, HTS 9506.69.6020, 2026-05-01 (CBP ruling N360468; origin China). Call main line (425) 523-4030 and ask for Kyle Boddy (Founder). Evidence: https://rulings.cbp.gov/ruling/N360468 ; contact: https://drivelinebaseball.com/pages/about-driveline",,
Beta Bionics,"Irvine, CA",(855) 745-3800,CAPE-IEEPA,unconfirmed,David Henderson,"VP, Operations",,New,,"Import signal: China, assembly piece (device component), HTS 7616.99.5190, ruling date 2026-06-30 (CBP ruling N362164; origin China). Call main line (855) 745-3800 and ask for David Henderson (VP, Operations). Evidence: https://rulings.cbp.gov/ruling/N362164 ; contact: https://www.betabionics.com/about-us/our-team/ ; phone: https://www.betabionics.com/support/",,
Telesair Inc,"Irvine, CA",(949) 570-3553,CAPE-IEEPA,unconfirmed,Don Lin,Co-Founder & CEO,,New,,"Import signal: China, Bonhawa Respiratory Humidifier System component part (Nairobi Protocol duty-free eligibility), HTS 9019.20.0000/9817.00.96, ruling date 2026-06-25 (CBP ruling N361971; origin China). Call main line (949) 570-3553 and ask for Don Lin (Co-Founder & CEO). Evidence: https://rulings.cbp.gov/ruling/N361971 ; contact: https://www.telesair.com/team-4 ; phone: https://www.telesair.com",,
Thorwear Inc. dba Elevate Movement,"Carlsbad, CA",(888) 504-0230,CAPE-IEEPA,unconfirmed,Matthew Hollister,COO,,New,,"Import signal: China, Glide Ankle-Foot Orthosis (AFO), HTS 9021.10.0090, ruling 2026-08-06 (CBP ruling N363602; origin China). Call main line (888) 504-0230 and ask for Matthew Hollister (COO). Evidence: https://rulings.cbp.gov/ruling/N363602 ; contact: https://www.elevatemovement.com/blog/kim-de-roy-named-ceo-of-elevate-movement ; phone: https://www.elevatemovement.com/",,
Standard Bots,"Glen Cove, NY",(888) 976-2287,CAPE-IEEPA,unconfirmed,Rohan Mehra,VP Operations,,New,,"Import signal: China, polyethylene foam packaging inserts, HTS 3923.90.0080, ruling 2026-07-30 (CBP ruling N363423; origin China). Call main line (888) 976-2287 and ask for Rohan Mehra (VP Operations). Evidence: https://rulings.cbp.gov/ruling/N363423 ; contact: https://www.standardbots.com/about ; phone: https://www.standardbots.com/",,
Neuro20 Technologies Corp,"Oldsmar, FL",(813) 491-4080,CAPE-IEEPA,unconfirmed,Jana Schmitt,Founder/COO,,New,,"Import signal: China, carry case, HTS 4202.92.9100, ruling 2026-07-21 (CBP ruling N362531; origin China). Call main line (813) 491-4080 and ask for Jana Schmitt (Founder/COO). Evidence: https://rulings.cbp.gov/ruling/N362531 ; contact: https://www.neuro20.com/about ; phone: https://www.neuro20.com/",,
"CurifyLabs, Inc.","Jacksonville, FL",(813) 431-2488,CAPE-IEEPA,unconfirmed,Pasi Heiskanen,Chief Operating Officer,,New,,"Import signal: China, plastic cartridge, HTS 3926.90.2100, ruling 2026-07-21 (CBP ruling N362836; origin China). Call main line (813) 431-2488 and ask for Pasi Heiskanen (Chief Operating Officer). Evidence: https://rulings.cbp.gov/ruling/N362836 ; contact: https://curifylabs.com/about ; phone: https://curifylabs.com/",,
